[
  {
    "name": "Process Start",
    "start": 1658064216368,
    "end": 1658064218850,
    "duration": 2482,
    "pid": 32852,
    "index": 0
  },
  {
    "name": "Application Start",
    "start": 1658064218851,
    "end": 1658064220492,
    "duration": 1641,
    "pid": 32852,
    "index": 1
  },
  {
    "name": "Load Plugin",
    "start": 1658064218856,
    "end": 1658064218869,
    "duration": 13,
    "pid": 32852,
    "index": 2
  },
  {
    "name": "Load Config",
    "start": 1658064218869,
    "end": 1658064219127,
    "duration": 258,
    "pid": 32852,
    "index": 3
  },
  {
    "name": "Require(0) config/config.default.js",
    "start": 1658064218869,
    "end": 1658064218870,
    "duration": 1,
    "pid": 32852,
    "index": 4
  },
  {
    "name": "Require(1) node_modules/egg-session/config/config.default.js",
    "start": 1658064218870,
    "end": 1658064218871,
    "duration": 1,
    "pid": 32852,
    "index": 5
  },
  {
    "name": "Require(2) node_modules/egg-security/config/config.default.js",
    "start": 1658064218871,
    "end": 1658064218871,
    "duration": 0,
    "pid": 32852,
    "index": 6
  },
  {
    "name": "Require(3) node_modules/egg-jsonp/config/config.default.js",
    "start": 1658064218872,
    "end": 1658064218873,
    "duration": 1,
    "pid": 32852,
    "index": 7
  },
  {
    "name": "Require(4) node_modules/egg-onerror/config/config.default.js",
    "start": 1658064218873,
    "end": 1658064218873,
    "duration": 0,
    "pid": 32852,
    "index": 8
  },
  {
    "name": "Require(5) node_modules/egg-i18n/config/config.default.js",
    "start": 1658064218873,
    "end": 1658064218873,
    "duration": 0,
    "pid": 32852,
    "index": 9
  },
  {
    "name": "Require(6) node_modules/egg-watcher/config/config.default.js",
    "start": 1658064218874,
    "end": 1658064218876,
    "duration": 2,
    "pid": 32852,
    "index": 10
  },
  {
    "name": "Require(7) node_modules/egg-schedule/config/config.default.js",
    "start": 1658064218877,
    "end": 1658064218878,
    "duration": 1,
    "pid": 32852,
    "index": 11
  },
  {
    "name": "Require(8) node_modules/egg-multipart/config/config.default.js",
    "start": 1658064218879,
    "end": 1658064218880,
    "duration": 1,
    "pid": 32852,
    "index": 12
  },
  {
    "name": "Require(9) node_modules/egg-development/config/config.default.js",
    "start": 1658064218882,
    "end": 1658064218883,
    "duration": 1,
    "pid": 32852,
    "index": 13
  },
  {
    "name": "Require(10) node_modules/egg-logrotator/config/config.default.js",
    "start": 1658064218883,
    "end": 1658064218884,
    "duration": 1,
    "pid": 32852,
    "index": 14
  },
  {
    "name": "Require(11) node_modules/egg-static/config/config.default.js",
    "start": 1658064218884,
    "end": 1658064218884,
    "duration": 0,
    "pid": 32852,
    "index": 15
  },
  {
    "name": "Require(12) node_modules/egg-view/config/config.default.js",
    "start": 1658064218887,
    "end": 1658064218887,
    "duration": 0,
    "pid": 32852,
    "index": 16
  },
  {
    "name": "Require(13) node_modules/egg-mongoose/config/config.default.js",
    "start": 1658064218891,
    "end": 1658064218892,
    "duration": 1,
    "pid": 32852,
    "index": 17
  },
  {
    "name": "Require(14) node_modules/egg-validate/config/config.default.js",
    "start": 1658064218892,
    "end": 1658064218892,
    "duration": 0,
    "pid": 32852,
    "index": 18
  },
  {
    "name": "Require(15) node_modules/egg/config/config.default.js",
    "start": 1658064218893,
    "end": 1658064218893,
    "duration": 0,
    "pid": 32852,
    "index": 19
  },
  {
    "name": "Require(16) config/config.default.js",
    "start": 1658064219111,
    "end": 1658064219111,
    "duration": 0,
    "pid": 32852,
    "index": 20
  },
  {
    "name": "Require(17) node_modules/egg-security/config/config.local.js",
    "start": 1658064219111,
    "end": 1658064219118,
    "duration": 7,
    "pid": 32852,
    "index": 21
  },
  {
    "name": "Require(18) node_modules/egg-watcher/config/config.local.js",
    "start": 1658064219118,
    "end": 1658064219123,
    "duration": 5,
    "pid": 32852,
    "index": 22
  },
  {
    "name": "Require(19) node_modules/egg-view/config/config.local.js",
    "start": 1658064219125,
    "end": 1658064219126,
    "duration": 1,
    "pid": 32852,
    "index": 23
  },
  {
    "name": "Require(20) node_modules/egg/config/config.local.js",
    "start": 1658064219127,
    "end": 1658064219127,
    "duration": 0,
    "pid": 32852,
    "index": 24
  },
  {
    "name": "Load extend/application.js",
    "start": 1658064219128,
    "end": 1658064219307,
    "duration": 179,
    "pid": 32852,
    "index": 25
  },
  {
    "name": "Require(21) node_modules/egg-session/app/extend/application.js",
    "start": 1658064219129,
    "end": 1658064219129,
    "duration": 0,
    "pid": 32852,
    "index": 26
  },
  {
    "name": "Require(22) node_modules/egg-security/app/extend/application.js",
    "start": 1658064219130,
    "end": 1658064219131,
    "duration": 1,
    "pid": 32852,
    "index": 27
  },
  {
    "name": "Require(23) node_modules/egg-jsonp/app/extend/application.js",
    "start": 1658064219131,
    "end": 1658064219133,
    "duration": 2,
    "pid": 32852,
    "index": 28
  },
  {
    "name": "Require(24) node_modules/egg-logrotator/app/extend/application.js",
    "start": 1658064219134,
    "end": 1658064219151,
    "duration": 17,
    "pid": 32852,
    "index": 29
  },
  {
    "name": "Require(25) node_modules/egg-view/app/extend/application.js",
    "start": 1658064219279,
    "end": 1658064219291,
    "duration": 12,
    "pid": 32852,
    "index": 30
  },
  {
    "name": "Load extend/request.js",
    "start": 1658064219307,
    "end": 1658064219316,
    "duration": 9,
    "pid": 32852,
    "index": 31
  },
  {
    "name": "Require(26) node_modules/egg/app/extend/request.js",
    "start": 1658064219313,
    "end": 1658064219314,
    "duration": 1,
    "pid": 32852,
    "index": 32
  },
  {
    "name": "Load extend/response.js",
    "start": 1658064219316,
    "end": 1658064219327,
    "duration": 11,
    "pid": 32852,
    "index": 33
  },
  {
    "name": "Require(27) node_modules/egg/app/extend/response.js",
    "start": 1658064219318,
    "end": 1658064219325,
    "duration": 7,
    "pid": 32852,
    "index": 34
  },
  {
    "name": "Load extend/context.js",
    "start": 1658064219327,
    "end": 1658064219604,
    "duration": 277,
    "pid": 32852,
    "index": 35
  },
  {
    "name": "Require(28) node_modules/egg-security/app/extend/context.js",
    "start": 1658064219328,
    "end": 1658064219371,
    "duration": 43,
    "pid": 32852,
    "index": 36
  },
  {
    "name": "Require(29) node_modules/egg-jsonp/app/extend/context.js",
    "start": 1658064219372,
    "end": 1658064219376,
    "duration": 4,
    "pid": 32852,
    "index": 37
  },
  {
    "name": "Require(30) node_modules/egg-i18n/app/extend/context.js",
    "start": 1658064219376,
    "end": 1658064219377,
    "duration": 1,
    "pid": 32852,
    "index": 38
  },
  {
    "name": "Require(31) node_modules/egg-multipart/app/extend/context.js",
    "start": 1658064219377,
    "end": 1658064219597,
    "duration": 220,
    "pid": 32852,
    "index": 39
  },
  {
    "name": "Require(32) node_modules/egg-view/app/extend/context.js",
    "start": 1658064219598,
    "end": 1658064219600,
    "duration": 2,
    "pid": 32852,
    "index": 40
  },
  {
    "name": "Require(33) node_modules/egg-mongoose/app/extend/context.js",
    "start": 1658064219600,
    "end": 1658064219600,
    "duration": 0,
    "pid": 32852,
    "index": 41
  },
  {
    "name": "Require(34) node_modules/egg-validate/app/extend/context.js",
    "start": 1658064219600,
    "end": 1658064219601,
    "duration": 1,
    "pid": 32852,
    "index": 42
  },
  {
    "name": "Require(35) node_modules/egg/app/extend/context.js",
    "start": 1658064219601,
    "end": 1658064219602,
    "duration": 1,
    "pid": 32852,
    "index": 43
  },
  {
    "name": "Load extend/helper.js",
    "start": 1658064219604,
    "end": 1658064219650,
    "duration": 46,
    "pid": 32852,
    "index": 44
  },
  {
    "name": "Require(36) node_modules/egg-security/app/extend/helper.js",
    "start": 1658064219604,
    "end": 1658064219643,
    "duration": 39,
    "pid": 32852,
    "index": 45
  },
  {
    "name": "Require(37) node_modules/egg/app/extend/helper.js",
    "start": 1658064219644,
    "end": 1658064219645,
    "duration": 1,
    "pid": 32852,
    "index": 46
  },
  {
    "name": "Require(38) app/extend/helper.js",
    "start": 1658064219645,
    "end": 1658064219645,
    "duration": 0,
    "pid": 32852,
    "index": 47
  },
  {
    "name": "Load app.js",
    "start": 1658064219650,
    "end": 1658064219675,
    "duration": 25,
    "pid": 32852,
    "index": 48
  },
  {
    "name": "Require(39) node_modules/egg-session/app.js",
    "start": 1658064219650,
    "end": 1658064219650,
    "duration": 0,
    "pid": 32852,
    "index": 49
  },
  {
    "name": "Require(40) node_modules/egg-security/app.js",
    "start": 1658064219651,
    "end": 1658064219651,
    "duration": 0,
    "pid": 32852,
    "index": 50
  },
  {
    "name": "Require(41) node_modules/egg-onerror/app.js",
    "start": 1658064219651,
    "end": 1658064219656,
    "duration": 5,
    "pid": 32852,
    "index": 51
  },
  {
    "name": "Require(42) node_modules/egg-i18n/app.js",
    "start": 1658064219656,
    "end": 1658064219664,
    "duration": 8,
    "pid": 32852,
    "index": 52
  },
  {
    "name": "Require(43) node_modules/egg-watcher/app.js",
    "start": 1658064219664,
    "end": 1658064219667,
    "duration": 3,
    "pid": 32852,
    "index": 53
  },
  {
    "name": "Require(44) node_modules/egg-schedule/app.js",
    "start": 1658064219668,
    "end": 1658064219669,
    "duration": 1,
    "pid": 32852,
    "index": 54
  },
  {
    "name": "Require(45) node_modules/egg-multipart/app.js",
    "start": 1658064219669,
    "end": 1658064219670,
    "duration": 1,
    "pid": 32852,
    "index": 55
  },
  {
    "name": "Require(46) node_modules/egg-development/app.js",
    "start": 1658064219670,
    "end": 1658064219671,
    "duration": 1,
    "pid": 32852,
    "index": 56
  },
  {
    "name": "Require(47) node_modules/egg-logrotator/app.js",
    "start": 1658064219671,
    "end": 1658064219671,
    "duration": 0,
    "pid": 32852,
    "index": 57
  },
  {
    "name": "Require(48) node_modules/egg-static/app.js",
    "start": 1658064219671,
    "end": 1658064219671,
    "duration": 0,
    "pid": 32852,
    "index": 58
  },
  {
    "name": "Require(49) node_modules/egg-mongoose/app.js",
    "start": 1658064219673,
    "end": 1658064219673,
    "duration": 0,
    "pid": 32852,
    "index": 59
  },
  {
    "name": "Require(50) node_modules/egg-validate/app.js",
    "start": 1658064219673,
    "end": 1658064219674,
    "duration": 1,
    "pid": 32852,
    "index": 60
  },
  {
    "name": "Before Start in node_modules/egg-watcher/lib/init.js:15:14",
    "start": 1658064219705,
    "end": 1658064220492,
    "duration": 787,
    "pid": 32852,
    "index": 61
  },
  {
    "name": "Before Start in node_modules/egg-mongoose/lib/mongoose.js:104:7",
    "start": 1658064220238,
    "end": 1658064220489,
    "duration": 251,
    "pid": 32852,
    "index": 62
  },
  {
    "name": "Before Start in node_modules/egg-mongoose/lib/mongoose.js:52:9",
    "start": 1658064220238,
    "end": 1658064220434,
    "duration": 196,
    "pid": 32852,
    "index": 63
  },
  {
    "name": "Load Service",
    "start": 1658064220238,
    "end": 1658064220247,
    "duration": 9,
    "pid": 32852,
    "index": 64
  },
  {
    "name": "Load \"service\" to Context",
    "start": 1658064220239,
    "end": 1658064220247,
    "duration": 8,
    "pid": 32852,
    "index": 65
  },
  {
    "name": "Load Middleware",
    "start": 1658064220247,
    "end": 1658064220406,
    "duration": 159,
    "pid": 32852,
    "index": 66
  },
  {
    "name": "Load \"middlewares\" to Application",
    "start": 1658064220247,
    "end": 1658064220388,
    "duration": 141,
    "pid": 32852,
    "index": 67
  },
  {
    "name": "Load Controller",
    "start": 1658064220406,
    "end": 1658064220410,
    "duration": 4,
    "pid": 32852,
    "index": 68
  },
  {
    "name": "Load \"controller\" to Application",
    "start": 1658064220406,
    "end": 1658064220410,
    "duration": 4,
    "pid": 32852,
    "index": 69
  },
  {
    "name": "Load Router",
    "start": 1658064220410,
    "end": 1658064220412,
    "duration": 2,
    "pid": 32852,
    "index": 70
  },
  {
    "name": "Require(51) app/router.js",
    "start": 1658064220410,
    "end": 1658064220410,
    "duration": 0,
    "pid": 32852,
    "index": 71
  },
  {
    "name": "Before Start in node_modules/egg-core/lib/egg.js:303:10",
    "start": 1658064220411,
    "end": 1658064220434,
    "duration": 23,
    "pid": 32852,
    "index": 72
  },
  {
    "name": "Load \"model\" to Application",
    "start": 1658064220421,
    "end": 1658064220433,
    "duration": 12,
    "pid": 32852,
    "index": 73
  }
]