[
  {
    "name": "Process Start",
    "start": 1658063737331,
    "end": 1658063740097,
    "duration": 2766,
    "pid": 32390,
    "index": 0
  },
  {
    "name": "Application Start",
    "start": 1658063740098,
    "end": 1658063743091,
    "duration": 2993,
    "pid": 32390,
    "index": 1
  },
  {
    "name": "Load Plugin",
    "start": 1658063740116,
    "end": 1658063740137,
    "duration": 21,
    "pid": 32390,
    "index": 2
  },
  {
    "name": "Load Config",
    "start": 1658063740137,
    "end": 1658063740158,
    "duration": 21,
    "pid": 32390,
    "index": 3
  },
  {
    "name": "Require(0) config/config.default.js",
    "start": 1658063740138,
    "end": 1658063740138,
    "duration": 0,
    "pid": 32390,
    "index": 4
  },
  {
    "name": "Require(1) node_modules/egg-session/config/config.default.js",
    "start": 1658063740139,
    "end": 1658063740140,
    "duration": 1,
    "pid": 32390,
    "index": 5
  },
  {
    "name": "Require(2) node_modules/egg-security/config/config.default.js",
    "start": 1658063740140,
    "end": 1658063740141,
    "duration": 1,
    "pid": 32390,
    "index": 6
  },
  {
    "name": "Require(3) node_modules/egg-jsonp/config/config.default.js",
    "start": 1658063740141,
    "end": 1658063740142,
    "duration": 1,
    "pid": 32390,
    "index": 7
  },
  {
    "name": "Require(4) node_modules/egg-onerror/config/config.default.js",
    "start": 1658063740142,
    "end": 1658063740143,
    "duration": 1,
    "pid": 32390,
    "index": 8
  },
  {
    "name": "Require(5) node_modules/egg-i18n/config/config.default.js",
    "start": 1658063740143,
    "end": 1658063740143,
    "duration": 0,
    "pid": 32390,
    "index": 9
  },
  {
    "name": "Require(6) node_modules/egg-watcher/config/config.default.js",
    "start": 1658063740144,
    "end": 1658063740144,
    "duration": 0,
    "pid": 32390,
    "index": 10
  },
  {
    "name": "Require(7) node_modules/egg-schedule/config/config.default.js",
    "start": 1658063740144,
    "end": 1658063740145,
    "duration": 1,
    "pid": 32390,
    "index": 11
  },
  {
    "name": "Require(8) node_modules/egg-multipart/config/config.default.js",
    "start": 1658063740145,
    "end": 1658063740146,
    "duration": 1,
    "pid": 32390,
    "index": 12
  },
  {
    "name": "Require(9) node_modules/egg-development/config/config.default.js",
    "start": 1658063740146,
    "end": 1658063740147,
    "duration": 1,
    "pid": 32390,
    "index": 13
  },
  {
    "name": "Require(10) node_modules/egg-logrotator/config/config.default.js",
    "start": 1658063740147,
    "end": 1658063740148,
    "duration": 1,
    "pid": 32390,
    "index": 14
  },
  {
    "name": "Require(11) node_modules/egg-static/config/config.default.js",
    "start": 1658063740148,
    "end": 1658063740149,
    "duration": 1,
    "pid": 32390,
    "index": 15
  },
  {
    "name": "Require(12) node_modules/egg-view/config/config.default.js",
    "start": 1658063740149,
    "end": 1658063740150,
    "duration": 1,
    "pid": 32390,
    "index": 16
  },
  {
    "name": "Require(13) node_modules/egg-mongoose/config/config.default.js",
    "start": 1658063740150,
    "end": 1658063740151,
    "duration": 1,
    "pid": 32390,
    "index": 17
  },
  {
    "name": "Require(14) node_modules/egg-validate/config/config.default.js",
    "start": 1658063740151,
    "end": 1658063740152,
    "duration": 1,
    "pid": 32390,
    "index": 18
  },
  {
    "name": "Require(15) node_modules/egg/config/config.default.js",
    "start": 1658063740152,
    "end": 1658063740152,
    "duration": 0,
    "pid": 32390,
    "index": 19
  },
  {
    "name": "Require(16) config/config.default.js",
    "start": 1658063740154,
    "end": 1658063740154,
    "duration": 0,
    "pid": 32390,
    "index": 20
  },
  {
    "name": "Require(17) node_modules/egg-security/config/config.local.js",
    "start": 1658063740154,
    "end": 1658063740155,
    "duration": 1,
    "pid": 32390,
    "index": 21
  },
  {
    "name": "Require(18) node_modules/egg-watcher/config/config.local.js",
    "start": 1658063740155,
    "end": 1658063740156,
    "duration": 1,
    "pid": 32390,
    "index": 22
  },
  {
    "name": "Require(19) node_modules/egg-view/config/config.local.js",
    "start": 1658063740156,
    "end": 1658063740157,
    "duration": 1,
    "pid": 32390,
    "index": 23
  },
  {
    "name": "Require(20) node_modules/egg/config/config.local.js",
    "start": 1658063740157,
    "end": 1658063740158,
    "duration": 1,
    "pid": 32390,
    "index": 24
  },
  {
    "name": "Load extend/application.js",
    "start": 1658063740159,
    "end": 1658063740169,
    "duration": 10,
    "pid": 32390,
    "index": 25
  },
  {
    "name": "Require(21) node_modules/egg-session/app/extend/application.js",
    "start": 1658063740159,
    "end": 1658063740159,
    "duration": 0,
    "pid": 32390,
    "index": 26
  },
  {
    "name": "Require(22) node_modules/egg-security/app/extend/application.js",
    "start": 1658063740160,
    "end": 1658063740161,
    "duration": 1,
    "pid": 32390,
    "index": 27
  },
  {
    "name": "Require(23) node_modules/egg-jsonp/app/extend/application.js",
    "start": 1658063740161,
    "end": 1658063740162,
    "duration": 1,
    "pid": 32390,
    "index": 28
  },
  {
    "name": "Require(24) node_modules/egg-logrotator/app/extend/application.js",
    "start": 1658063740163,
    "end": 1658063740166,
    "duration": 3,
    "pid": 32390,
    "index": 29
  },
  {
    "name": "Require(25) node_modules/egg-view/app/extend/application.js",
    "start": 1658063740166,
    "end": 1658063740168,
    "duration": 2,
    "pid": 32390,
    "index": 30
  },
  {
    "name": "Load extend/request.js",
    "start": 1658063740169,
    "end": 1658063740174,
    "duration": 5,
    "pid": 32390,
    "index": 31
  },
  {
    "name": "Require(26) node_modules/egg/app/extend/request.js",
    "start": 1658063740171,
    "end": 1658063740172,
    "duration": 1,
    "pid": 32390,
    "index": 32
  },
  {
    "name": "Load extend/response.js",
    "start": 1658063740174,
    "end": 1658063740179,
    "duration": 5,
    "pid": 32390,
    "index": 33
  },
  {
    "name": "Require(27) node_modules/egg/app/extend/response.js",
    "start": 1658063740176,
    "end": 1658063740178,
    "duration": 2,
    "pid": 32390,
    "index": 34
  },
  {
    "name": "Load extend/context.js",
    "start": 1658063740179,
    "end": 1658063740387,
    "duration": 208,
    "pid": 32390,
    "index": 35
  },
  {
    "name": "Require(28) node_modules/egg-security/app/extend/context.js",
    "start": 1658063740180,
    "end": 1658063740190,
    "duration": 10,
    "pid": 32390,
    "index": 36
  },
  {
    "name": "Require(29) node_modules/egg-jsonp/app/extend/context.js",
    "start": 1658063740191,
    "end": 1658063740192,
    "duration": 1,
    "pid": 32390,
    "index": 37
  },
  {
    "name": "Require(30) node_modules/egg-i18n/app/extend/context.js",
    "start": 1658063740192,
    "end": 1658063740193,
    "duration": 1,
    "pid": 32390,
    "index": 38
  },
  {
    "name": "Require(31) node_modules/egg-multipart/app/extend/context.js",
    "start": 1658063740193,
    "end": 1658063740381,
    "duration": 188,
    "pid": 32390,
    "index": 39
  },
  {
    "name": "Require(32) node_modules/egg-view/app/extend/context.js",
    "start": 1658063740382,
    "end": 1658063740383,
    "duration": 1,
    "pid": 32390,
    "index": 40
  },
  {
    "name": "Require(33) node_modules/egg-mongoose/app/extend/context.js",
    "start": 1658063740383,
    "end": 1658063740384,
    "duration": 1,
    "pid": 32390,
    "index": 41
  },
  {
    "name": "Require(34) node_modules/egg-validate/app/extend/context.js",
    "start": 1658063740384,
    "end": 1658063740385,
    "duration": 1,
    "pid": 32390,
    "index": 42
  },
  {
    "name": "Require(35) node_modules/egg/app/extend/context.js",
    "start": 1658063740385,
    "end": 1658063740386,
    "duration": 1,
    "pid": 32390,
    "index": 43
  },
  {
    "name": "Load extend/helper.js",
    "start": 1658063740387,
    "end": 1658063740415,
    "duration": 28,
    "pid": 32390,
    "index": 44
  },
  {
    "name": "Require(36) node_modules/egg-security/app/extend/helper.js",
    "start": 1658063740388,
    "end": 1658063740407,
    "duration": 19,
    "pid": 32390,
    "index": 45
  },
  {
    "name": "Require(37) node_modules/egg/app/extend/helper.js",
    "start": 1658063740408,
    "end": 1658063740408,
    "duration": 0,
    "pid": 32390,
    "index": 46
  },
  {
    "name": "Require(38) app/extend/helper.js",
    "start": 1658063740409,
    "end": 1658063740409,
    "duration": 0,
    "pid": 32390,
    "index": 47
  },
  {
    "name": "Load app.js",
    "start": 1658063740416,
    "end": 1658063740455,
    "duration": 39,
    "pid": 32390,
    "index": 48
  },
  {
    "name": "Require(39) node_modules/egg-session/app.js",
    "start": 1658063740416,
    "end": 1658063740417,
    "duration": 1,
    "pid": 32390,
    "index": 49
  },
  {
    "name": "Require(40) node_modules/egg-security/app.js",
    "start": 1658063740418,
    "end": 1658063740419,
    "duration": 1,
    "pid": 32390,
    "index": 50
  },
  {
    "name": "Require(41) node_modules/egg-onerror/app.js",
    "start": 1658063740420,
    "end": 1658063740428,
    "duration": 8,
    "pid": 32390,
    "index": 51
  },
  {
    "name": "Require(42) node_modules/egg-i18n/app.js",
    "start": 1658063740429,
    "end": 1658063740440,
    "duration": 11,
    "pid": 32390,
    "index": 52
  },
  {
    "name": "Require(43) node_modules/egg-watcher/app.js",
    "start": 1658063740441,
    "end": 1658063740444,
    "duration": 3,
    "pid": 32390,
    "index": 53
  },
  {
    "name": "Require(44) node_modules/egg-schedule/app.js",
    "start": 1658063740445,
    "end": 1658063740449,
    "duration": 4,
    "pid": 32390,
    "index": 54
  },
  {
    "name": "Require(45) node_modules/egg-multipart/app.js",
    "start": 1658063740449,
    "end": 1658063740449,
    "duration": 0,
    "pid": 32390,
    "index": 55
  },
  {
    "name": "Require(46) node_modules/egg-development/app.js",
    "start": 1658063740450,
    "end": 1658063740451,
    "duration": 1,
    "pid": 32390,
    "index": 56
  },
  {
    "name": "Require(47) node_modules/egg-logrotator/app.js",
    "start": 1658063740451,
    "end": 1658063740452,
    "duration": 1,
    "pid": 32390,
    "index": 57
  },
  {
    "name": "Require(48) node_modules/egg-static/app.js",
    "start": 1658063740452,
    "end": 1658063740452,
    "duration": 0,
    "pid": 32390,
    "index": 58
  },
  {
    "name": "Require(49) node_modules/egg-mongoose/app.js",
    "start": 1658063740452,
    "end": 1658063740453,
    "duration": 1,
    "pid": 32390,
    "index": 59
  },
  {
    "name": "Require(50) node_modules/egg-validate/app.js",
    "start": 1658063740453,
    "end": 1658063740455,
    "duration": 2,
    "pid": 32390,
    "index": 60
  },
  {
    "name": "Before Start in node_modules/egg-watcher/lib/init.js:15:14",
    "start": 1658063740463,
    "end": 1658063743089,
    "duration": 2626,
    "pid": 32390,
    "index": 61
  },
  {
    "name": "Before Start in node_modules/egg-mongoose/lib/mongoose.js:104:7",
    "start": 1658063742259,
    "end": 1658063743077,
    "duration": 818,
    "pid": 32390,
    "index": 62
  },
  {
    "name": "Before Start in node_modules/egg-mongoose/lib/mongoose.js:52:9",
    "start": 1658063742260,
    "end": 1658063742857,
    "duration": 597,
    "pid": 32390,
    "index": 63
  },
  {
    "name": "Load Service",
    "start": 1658063742260,
    "end": 1658063742271,
    "duration": 11,
    "pid": 32390,
    "index": 64
  },
  {
    "name": "Load \"service\" to Context",
    "start": 1658063742260,
    "end": 1658063742271,
    "duration": 11,
    "pid": 32390,
    "index": 65
  },
  {
    "name": "Load Middleware",
    "start": 1658063742271,
    "end": 1658063742597,
    "duration": 326,
    "pid": 32390,
    "index": 66
  },
  {
    "name": "Load \"middlewares\" to Application",
    "start": 1658063742271,
    "end": 1658063742578,
    "duration": 307,
    "pid": 32390,
    "index": 67
  },
  {
    "name": "Load Controller",
    "start": 1658063742597,
    "end": 1658063742606,
    "duration": 9,
    "pid": 32390,
    "index": 68
  },
  {
    "name": "Load \"controller\" to Application",
    "start": 1658063742597,
    "end": 1658063742606,
    "duration": 9,
    "pid": 32390,
    "index": 69
  },
  {
    "name": "Load Router",
    "start": 1658063742606,
    "end": 1658063742611,
    "duration": 5,
    "pid": 32390,
    "index": 70
  },
  {
    "name": "Require(51) app/router.js",
    "start": 1658063742606,
    "end": 1658063742606,
    "duration": 0,
    "pid": 32390,
    "index": 71
  },
  {
    "name": "Before Start in node_modules/egg-core/lib/egg.js:303:10",
    "start": 1658063742607,
    "end": 1658063742857,
    "duration": 250,
    "pid": 32390,
    "index": 72
  },
  {
    "name": "Load \"model\" to Application",
    "start": 1658063742812,
    "end": 1658063742856,
    "duration": 44,
    "pid": 32390,
    "index": 73
  }
]