[
  {
    "name": "Process Start",
    "start": 1658064232855,
    "end": 1658064234920,
    "duration": 2065,
    "pid": 32867,
    "index": 0
  },
  {
    "name": "Application Start",
    "start": 1658064234921,
    "end": 1658064237154,
    "duration": 2233,
    "pid": 32867,
    "index": 1
  },
  {
    "name": "Load Plugin",
    "start": 1658064234926,
    "end": 1658064234945,
    "duration": 19,
    "pid": 32867,
    "index": 2
  },
  {
    "name": "Load Config",
    "start": 1658064234945,
    "end": 1658064234981,
    "duration": 36,
    "pid": 32867,
    "index": 3
  },
  {
    "name": "Require(0) config/config.default.js",
    "start": 1658064234946,
    "end": 1658064234947,
    "duration": 1,
    "pid": 32867,
    "index": 4
  },
  {
    "name": "Require(1) node_modules/egg-session/config/config.default.js",
    "start": 1658064234952,
    "end": 1658064234953,
    "duration": 1,
    "pid": 32867,
    "index": 5
  },
  {
    "name": "Require(2) node_modules/egg-security/config/config.default.js",
    "start": 1658064234953,
    "end": 1658064234954,
    "duration": 1,
    "pid": 32867,
    "index": 6
  },
  {
    "name": "Require(3) node_modules/egg-jsonp/config/config.default.js",
    "start": 1658064234956,
    "end": 1658064234957,
    "duration": 1,
    "pid": 32867,
    "index": 7
  },
  {
    "name": "Require(4) node_modules/egg-onerror/config/config.default.js",
    "start": 1658064234957,
    "end": 1658064234957,
    "duration": 0,
    "pid": 32867,
    "index": 8
  },
  {
    "name": "Require(5) node_modules/egg-i18n/config/config.default.js",
    "start": 1658064234958,
    "end": 1658064234958,
    "duration": 0,
    "pid": 32867,
    "index": 9
  },
  {
    "name": "Require(6) node_modules/egg-watcher/config/config.default.js",
    "start": 1658064234959,
    "end": 1658064234960,
    "duration": 1,
    "pid": 32867,
    "index": 10
  },
  {
    "name": "Require(7) node_modules/egg-schedule/config/config.default.js",
    "start": 1658064234962,
    "end": 1658064234962,
    "duration": 0,
    "pid": 32867,
    "index": 11
  },
  {
    "name": "Require(8) node_modules/egg-multipart/config/config.default.js",
    "start": 1658064234963,
    "end": 1658064234964,
    "duration": 1,
    "pid": 32867,
    "index": 12
  },
  {
    "name": "Require(9) node_modules/egg-development/config/config.default.js",
    "start": 1658064234964,
    "end": 1658064234965,
    "duration": 1,
    "pid": 32867,
    "index": 13
  },
  {
    "name": "Require(10) node_modules/egg-logrotator/config/config.default.js",
    "start": 1658064234966,
    "end": 1658064234967,
    "duration": 1,
    "pid": 32867,
    "index": 14
  },
  {
    "name": "Require(11) node_modules/egg-static/config/config.default.js",
    "start": 1658064234968,
    "end": 1658064234969,
    "duration": 1,
    "pid": 32867,
    "index": 15
  },
  {
    "name": "Require(12) node_modules/egg-view/config/config.default.js",
    "start": 1658064234969,
    "end": 1658064234971,
    "duration": 2,
    "pid": 32867,
    "index": 16
  },
  {
    "name": "Require(13) node_modules/egg-mongoose/config/config.default.js",
    "start": 1658064234971,
    "end": 1658064234972,
    "duration": 1,
    "pid": 32867,
    "index": 17
  },
  {
    "name": "Require(14) node_modules/egg-validate/config/config.default.js",
    "start": 1658064234972,
    "end": 1658064234972,
    "duration": 0,
    "pid": 32867,
    "index": 18
  },
  {
    "name": "Require(15) node_modules/egg/config/config.default.js",
    "start": 1658064234973,
    "end": 1658064234974,
    "duration": 1,
    "pid": 32867,
    "index": 19
  },
  {
    "name": "Require(16) config/config.default.js",
    "start": 1658064234976,
    "end": 1658064234976,
    "duration": 0,
    "pid": 32867,
    "index": 20
  },
  {
    "name": "Require(17) node_modules/egg-security/config/config.local.js",
    "start": 1658064234976,
    "end": 1658064234976,
    "duration": 0,
    "pid": 32867,
    "index": 21
  },
  {
    "name": "Require(18) node_modules/egg-watcher/config/config.local.js",
    "start": 1658064234977,
    "end": 1658064234977,
    "duration": 0,
    "pid": 32867,
    "index": 22
  },
  {
    "name": "Require(19) node_modules/egg-view/config/config.local.js",
    "start": 1658064234978,
    "end": 1658064234978,
    "duration": 0,
    "pid": 32867,
    "index": 23
  },
  {
    "name": "Require(20) node_modules/egg/config/config.local.js",
    "start": 1658064234979,
    "end": 1658064234979,
    "duration": 0,
    "pid": 32867,
    "index": 24
  },
  {
    "name": "Load extend/application.js",
    "start": 1658064234987,
    "end": 1658064235012,
    "duration": 25,
    "pid": 32867,
    "index": 25
  },
  {
    "name": "Require(21) node_modules/egg-session/app/extend/application.js",
    "start": 1658064234987,
    "end": 1658064234990,
    "duration": 3,
    "pid": 32867,
    "index": 26
  },
  {
    "name": "Require(22) node_modules/egg-security/app/extend/application.js",
    "start": 1658064234991,
    "end": 1658064234998,
    "duration": 7,
    "pid": 32867,
    "index": 27
  },
  {
    "name": "Require(23) node_modules/egg-jsonp/app/extend/application.js",
    "start": 1658064234999,
    "end": 1658064235003,
    "duration": 4,
    "pid": 32867,
    "index": 28
  },
  {
    "name": "Require(24) node_modules/egg-logrotator/app/extend/application.js",
    "start": 1658064235006,
    "end": 1658064235009,
    "duration": 3,
    "pid": 32867,
    "index": 29
  },
  {
    "name": "Require(25) node_modules/egg-view/app/extend/application.js",
    "start": 1658064235009,
    "end": 1658064235010,
    "duration": 1,
    "pid": 32867,
    "index": 30
  },
  {
    "name": "Load extend/request.js",
    "start": 1658064235012,
    "end": 1658064235018,
    "duration": 6,
    "pid": 32867,
    "index": 31
  },
  {
    "name": "Require(26) node_modules/egg/app/extend/request.js",
    "start": 1658064235015,
    "end": 1658064235016,
    "duration": 1,
    "pid": 32867,
    "index": 32
  },
  {
    "name": "Load extend/response.js",
    "start": 1658064235018,
    "end": 1658064235026,
    "duration": 8,
    "pid": 32867,
    "index": 33
  },
  {
    "name": "Require(27) node_modules/egg/app/extend/response.js",
    "start": 1658064235021,
    "end": 1658064235022,
    "duration": 1,
    "pid": 32867,
    "index": 34
  },
  {
    "name": "Load extend/context.js",
    "start": 1658064235026,
    "end": 1658064235385,
    "duration": 359,
    "pid": 32867,
    "index": 35
  },
  {
    "name": "Require(28) node_modules/egg-security/app/extend/context.js",
    "start": 1658064235027,
    "end": 1658064235234,
    "duration": 207,
    "pid": 32867,
    "index": 36
  },
  {
    "name": "Require(29) node_modules/egg-jsonp/app/extend/context.js",
    "start": 1658064235237,
    "end": 1658064235238,
    "duration": 1,
    "pid": 32867,
    "index": 37
  },
  {
    "name": "Require(30) node_modules/egg-i18n/app/extend/context.js",
    "start": 1658064235242,
    "end": 1658064235243,
    "duration": 1,
    "pid": 32867,
    "index": 38
  },
  {
    "name": "Require(31) node_modules/egg-multipart/app/extend/context.js",
    "start": 1658064235245,
    "end": 1658064235379,
    "duration": 134,
    "pid": 32867,
    "index": 39
  },
  {
    "name": "Require(32) node_modules/egg-view/app/extend/context.js",
    "start": 1658064235379,
    "end": 1658064235380,
    "duration": 1,
    "pid": 32867,
    "index": 40
  },
  {
    "name": "Require(33) node_modules/egg-mongoose/app/extend/context.js",
    "start": 1658064235381,
    "end": 1658064235381,
    "duration": 0,
    "pid": 32867,
    "index": 41
  },
  {
    "name": "Require(34) node_modules/egg-validate/app/extend/context.js",
    "start": 1658064235381,
    "end": 1658064235382,
    "duration": 1,
    "pid": 32867,
    "index": 42
  },
  {
    "name": "Require(35) node_modules/egg/app/extend/context.js",
    "start": 1658064235382,
    "end": 1658064235383,
    "duration": 1,
    "pid": 32867,
    "index": 43
  },
  {
    "name": "Load extend/helper.js",
    "start": 1658064235385,
    "end": 1658064235411,
    "duration": 26,
    "pid": 32867,
    "index": 44
  },
  {
    "name": "Require(36) node_modules/egg-security/app/extend/helper.js",
    "start": 1658064235385,
    "end": 1658064235403,
    "duration": 18,
    "pid": 32867,
    "index": 45
  },
  {
    "name": "Require(37) node_modules/egg/app/extend/helper.js",
    "start": 1658064235405,
    "end": 1658064235407,
    "duration": 2,
    "pid": 32867,
    "index": 46
  },
  {
    "name": "Require(38) app/extend/helper.js",
    "start": 1658064235407,
    "end": 1658064235408,
    "duration": 1,
    "pid": 32867,
    "index": 47
  },
  {
    "name": "Load app.js",
    "start": 1658064235411,
    "end": 1658064235641,
    "duration": 230,
    "pid": 32867,
    "index": 48
  },
  {
    "name": "Require(39) node_modules/egg-session/app.js",
    "start": 1658064235411,
    "end": 1658064235411,
    "duration": 0,
    "pid": 32867,
    "index": 49
  },
  {
    "name": "Require(40) node_modules/egg-security/app.js",
    "start": 1658064235412,
    "end": 1658064235413,
    "duration": 1,
    "pid": 32867,
    "index": 50
  },
  {
    "name": "Require(41) node_modules/egg-onerror/app.js",
    "start": 1658064235414,
    "end": 1658064235431,
    "duration": 17,
    "pid": 32867,
    "index": 51
  },
  {
    "name": "Require(42) node_modules/egg-i18n/app.js",
    "start": 1658064235431,
    "end": 1658064235617,
    "duration": 186,
    "pid": 32867,
    "index": 52
  },
  {
    "name": "Require(43) node_modules/egg-watcher/app.js",
    "start": 1658064235617,
    "end": 1658064235620,
    "duration": 3,
    "pid": 32867,
    "index": 53
  },
  {
    "name": "Require(44) node_modules/egg-schedule/app.js",
    "start": 1658064235621,
    "end": 1658064235623,
    "duration": 2,
    "pid": 32867,
    "index": 54
  },
  {
    "name": "Require(45) node_modules/egg-multipart/app.js",
    "start": 1658064235623,
    "end": 1658064235624,
    "duration": 1,
    "pid": 32867,
    "index": 55
  },
  {
    "name": "Require(46) node_modules/egg-development/app.js",
    "start": 1658064235624,
    "end": 1658064235624,
    "duration": 0,
    "pid": 32867,
    "index": 56
  },
  {
    "name": "Require(47) node_modules/egg-logrotator/app.js",
    "start": 1658064235625,
    "end": 1658064235625,
    "duration": 0,
    "pid": 32867,
    "index": 57
  },
  {
    "name": "Require(48) node_modules/egg-static/app.js",
    "start": 1658064235625,
    "end": 1658064235625,
    "duration": 0,
    "pid": 32867,
    "index": 58
  },
  {
    "name": "Require(49) node_modules/egg-mongoose/app.js",
    "start": 1658064235625,
    "end": 1658064235639,
    "duration": 14,
    "pid": 32867,
    "index": 59
  },
  {
    "name": "Require(50) node_modules/egg-validate/app.js",
    "start": 1658064235639,
    "end": 1658064235640,
    "duration": 1,
    "pid": 32867,
    "index": 60
  },
  {
    "name": "Before Start in node_modules/egg-watcher/lib/init.js:15:14",
    "start": 1658064235649,
    "end": 1658064237153,
    "duration": 1504,
    "pid": 32867,
    "index": 61
  },
  {
    "name": "Before Start in node_modules/egg-mongoose/lib/mongoose.js:104:7",
    "start": 1658064236743,
    "end": 1658064237149,
    "duration": 406,
    "pid": 32867,
    "index": 62
  },
  {
    "name": "Before Start in node_modules/egg-mongoose/lib/mongoose.js:52:9",
    "start": 1658064236767,
    "end": 1658064237115,
    "duration": 348,
    "pid": 32867,
    "index": 63
  },
  {
    "name": "Load Service",
    "start": 1658064236767,
    "end": 1658064236778,
    "duration": 11,
    "pid": 32867,
    "index": 64
  },
  {
    "name": "Load \"service\" to Context",
    "start": 1658064236769,
    "end": 1658064236778,
    "duration": 9,
    "pid": 32867,
    "index": 65
  },
  {
    "name": "Load Middleware",
    "start": 1658064236778,
    "end": 1658064236982,
    "duration": 204,
    "pid": 32867,
    "index": 66
  },
  {
    "name": "Load \"middlewares\" to Application",
    "start": 1658064236778,
    "end": 1658064236964,
    "duration": 186,
    "pid": 32867,
    "index": 67
  },
  {
    "name": "Load Controller",
    "start": 1658064236982,
    "end": 1658064236984,
    "duration": 2,
    "pid": 32867,
    "index": 68
  },
  {
    "name": "Load \"controller\" to Application",
    "start": 1658064236982,
    "end": 1658064236984,
    "duration": 2,
    "pid": 32867,
    "index": 69
  },
  {
    "name": "Load Router",
    "start": 1658064236984,
    "end": 1658064236994,
    "duration": 10,
    "pid": 32867,
    "index": 70
  },
  {
    "name": "Require(51) app/router.js",
    "start": 1658064236984,
    "end": 1658064236991,
    "duration": 7,
    "pid": 32867,
    "index": 71
  },
  {
    "name": "Before Start in node_modules/egg-core/lib/egg.js:303:10",
    "start": 1658064236992,
    "end": 1658064237115,
    "duration": 123,
    "pid": 32867,
    "index": 72
  },
  {
    "name": "Load \"model\" to Application",
    "start": 1658064237019,
    "end": 1658064237114,
    "duration": 95,
    "pid": 32867,
    "index": 73
  }
]