[
  {
    "name": "Process Start",
    "start": 1658064122233,
    "end": 1658064123579,
    "duration": 1346,
    "pid": 32761,
    "index": 0
  },
  {
    "name": "Application Start",
    "start": 1658064123580,
    "end": 1658064125193,
    "duration": 1613,
    "pid": 32761,
    "index": 1
  },
  {
    "name": "Load Plugin",
    "start": 1658064123586,
    "end": 1658064123601,
    "duration": 15,
    "pid": 32761,
    "index": 2
  },
  {
    "name": "Load Config",
    "start": 1658064123601,
    "end": 1658064123617,
    "duration": 16,
    "pid": 32761,
    "index": 3
  },
  {
    "name": "Require(0) config/config.default.js",
    "start": 1658064123602,
    "end": 1658064123602,
    "duration": 0,
    "pid": 32761,
    "index": 4
  },
  {
    "name": "Require(1) node_modules/egg-session/config/config.default.js",
    "start": 1658064123603,
    "end": 1658064123603,
    "duration": 0,
    "pid": 32761,
    "index": 5
  },
  {
    "name": "Require(2) node_modules/egg-security/config/config.default.js",
    "start": 1658064123604,
    "end": 1658064123604,
    "duration": 0,
    "pid": 32761,
    "index": 6
  },
  {
    "name": "Require(3) node_modules/egg-jsonp/config/config.default.js",
    "start": 1658064123605,
    "end": 1658064123605,
    "duration": 0,
    "pid": 32761,
    "index": 7
  },
  {
    "name": "Require(4) node_modules/egg-onerror/config/config.default.js",
    "start": 1658064123605,
    "end": 1658064123606,
    "duration": 1,
    "pid": 32761,
    "index": 8
  },
  {
    "name": "Require(5) node_modules/egg-i18n/config/config.default.js",
    "start": 1658064123606,
    "end": 1658064123606,
    "duration": 0,
    "pid": 32761,
    "index": 9
  },
  {
    "name": "Require(6) node_modules/egg-watcher/config/config.default.js",
    "start": 1658064123607,
    "end": 1658064123607,
    "duration": 0,
    "pid": 32761,
    "index": 10
  },
  {
    "name": "Require(7) node_modules/egg-schedule/config/config.default.js",
    "start": 1658064123607,
    "end": 1658064123608,
    "duration": 1,
    "pid": 32761,
    "index": 11
  },
  {
    "name": "Require(8) node_modules/egg-multipart/config/config.default.js",
    "start": 1658064123608,
    "end": 1658064123609,
    "duration": 1,
    "pid": 32761,
    "index": 12
  },
  {
    "name": "Require(9) node_modules/egg-development/config/config.default.js",
    "start": 1658064123609,
    "end": 1658064123609,
    "duration": 0,
    "pid": 32761,
    "index": 13
  },
  {
    "name": "Require(10) node_modules/egg-logrotator/config/config.default.js",
    "start": 1658064123610,
    "end": 1658064123610,
    "duration": 0,
    "pid": 32761,
    "index": 14
  },
  {
    "name": "Require(11) node_modules/egg-static/config/config.default.js",
    "start": 1658064123610,
    "end": 1658064123611,
    "duration": 1,
    "pid": 32761,
    "index": 15
  },
  {
    "name": "Require(12) node_modules/egg-view/config/config.default.js",
    "start": 1658064123612,
    "end": 1658064123612,
    "duration": 0,
    "pid": 32761,
    "index": 16
  },
  {
    "name": "Require(13) node_modules/egg-mongoose/config/config.default.js",
    "start": 1658064123612,
    "end": 1658064123612,
    "duration": 0,
    "pid": 32761,
    "index": 17
  },
  {
    "name": "Require(14) node_modules/egg-validate/config/config.default.js",
    "start": 1658064123613,
    "end": 1658064123613,
    "duration": 0,
    "pid": 32761,
    "index": 18
  },
  {
    "name": "Require(15) node_modules/egg/config/config.default.js",
    "start": 1658064123613,
    "end": 1658064123613,
    "duration": 0,
    "pid": 32761,
    "index": 19
  },
  {
    "name": "Require(16) config/config.default.js",
    "start": 1658064123615,
    "end": 1658064123615,
    "duration": 0,
    "pid": 32761,
    "index": 20
  },
  {
    "name": "Require(17) node_modules/egg-security/config/config.local.js",
    "start": 1658064123615,
    "end": 1658064123615,
    "duration": 0,
    "pid": 32761,
    "index": 21
  },
  {
    "name": "Require(18) node_modules/egg-watcher/config/config.local.js",
    "start": 1658064123615,
    "end": 1658064123616,
    "duration": 1,
    "pid": 32761,
    "index": 22
  },
  {
    "name": "Require(19) node_modules/egg-view/config/config.local.js",
    "start": 1658064123616,
    "end": 1658064123617,
    "duration": 1,
    "pid": 32761,
    "index": 23
  },
  {
    "name": "Require(20) node_modules/egg/config/config.local.js",
    "start": 1658064123617,
    "end": 1658064123617,
    "duration": 0,
    "pid": 32761,
    "index": 24
  },
  {
    "name": "Load extend/application.js",
    "start": 1658064123619,
    "end": 1658064123636,
    "duration": 17,
    "pid": 32761,
    "index": 25
  },
  {
    "name": "Require(21) node_modules/egg-session/app/extend/application.js",
    "start": 1658064123619,
    "end": 1658064123620,
    "duration": 1,
    "pid": 32761,
    "index": 26
  },
  {
    "name": "Require(22) node_modules/egg-security/app/extend/application.js",
    "start": 1658064123620,
    "end": 1658064123620,
    "duration": 0,
    "pid": 32761,
    "index": 27
  },
  {
    "name": "Require(23) node_modules/egg-jsonp/app/extend/application.js",
    "start": 1658064123620,
    "end": 1658064123621,
    "duration": 1,
    "pid": 32761,
    "index": 28
  },
  {
    "name": "Require(24) node_modules/egg-logrotator/app/extend/application.js",
    "start": 1658064123623,
    "end": 1658064123630,
    "duration": 7,
    "pid": 32761,
    "index": 29
  },
  {
    "name": "Require(25) node_modules/egg-view/app/extend/application.js",
    "start": 1658064123630,
    "end": 1658064123633,
    "duration": 3,
    "pid": 32761,
    "index": 30
  },
  {
    "name": "Load extend/request.js",
    "start": 1658064123636,
    "end": 1658064123640,
    "duration": 4,
    "pid": 32761,
    "index": 31
  },
  {
    "name": "Require(26) node_modules/egg/app/extend/request.js",
    "start": 1658064123638,
    "end": 1658064123638,
    "duration": 0,
    "pid": 32761,
    "index": 32
  },
  {
    "name": "Load extend/response.js",
    "start": 1658064123640,
    "end": 1658064123644,
    "duration": 4,
    "pid": 32761,
    "index": 33
  },
  {
    "name": "Require(27) node_modules/egg/app/extend/response.js",
    "start": 1658064123641,
    "end": 1658064123642,
    "duration": 1,
    "pid": 32761,
    "index": 34
  },
  {
    "name": "Load extend/context.js",
    "start": 1658064123644,
    "end": 1658064123886,
    "duration": 242,
    "pid": 32761,
    "index": 35
  },
  {
    "name": "Require(28) node_modules/egg-security/app/extend/context.js",
    "start": 1658064123646,
    "end": 1658064123658,
    "duration": 12,
    "pid": 32761,
    "index": 36
  },
  {
    "name": "Require(29) node_modules/egg-jsonp/app/extend/context.js",
    "start": 1658064123659,
    "end": 1658064123660,
    "duration": 1,
    "pid": 32761,
    "index": 37
  },
  {
    "name": "Require(30) node_modules/egg-i18n/app/extend/context.js",
    "start": 1658064123661,
    "end": 1658064123662,
    "duration": 1,
    "pid": 32761,
    "index": 38
  },
  {
    "name": "Require(31) node_modules/egg-multipart/app/extend/context.js",
    "start": 1658064123662,
    "end": 1658064123871,
    "duration": 209,
    "pid": 32761,
    "index": 39
  },
  {
    "name": "Require(32) node_modules/egg-view/app/extend/context.js",
    "start": 1658064123879,
    "end": 1658064123880,
    "duration": 1,
    "pid": 32761,
    "index": 40
  },
  {
    "name": "Require(33) node_modules/egg-mongoose/app/extend/context.js",
    "start": 1658064123880,
    "end": 1658064123880,
    "duration": 0,
    "pid": 32761,
    "index": 41
  },
  {
    "name": "Require(34) node_modules/egg-validate/app/extend/context.js",
    "start": 1658064123882,
    "end": 1658064123882,
    "duration": 0,
    "pid": 32761,
    "index": 42
  },
  {
    "name": "Require(35) node_modules/egg/app/extend/context.js",
    "start": 1658064123882,
    "end": 1658064123884,
    "duration": 2,
    "pid": 32761,
    "index": 43
  },
  {
    "name": "Load extend/helper.js",
    "start": 1658064123886,
    "end": 1658064123912,
    "duration": 26,
    "pid": 32761,
    "index": 44
  },
  {
    "name": "Require(36) node_modules/egg-security/app/extend/helper.js",
    "start": 1658064123886,
    "end": 1658064123904,
    "duration": 18,
    "pid": 32761,
    "index": 45
  },
  {
    "name": "Require(37) node_modules/egg/app/extend/helper.js",
    "start": 1658064123908,
    "end": 1658064123908,
    "duration": 0,
    "pid": 32761,
    "index": 46
  },
  {
    "name": "Require(38) app/extend/helper.js",
    "start": 1658064123908,
    "end": 1658064123909,
    "duration": 1,
    "pid": 32761,
    "index": 47
  },
  {
    "name": "Load app.js",
    "start": 1658064123913,
    "end": 1658064123939,
    "duration": 26,
    "pid": 32761,
    "index": 48
  },
  {
    "name": "Require(39) node_modules/egg-session/app.js",
    "start": 1658064123913,
    "end": 1658064123913,
    "duration": 0,
    "pid": 32761,
    "index": 49
  },
  {
    "name": "Require(40) node_modules/egg-security/app.js",
    "start": 1658064123914,
    "end": 1658064123915,
    "duration": 1,
    "pid": 32761,
    "index": 50
  },
  {
    "name": "Require(41) node_modules/egg-onerror/app.js",
    "start": 1658064123915,
    "end": 1658064123919,
    "duration": 4,
    "pid": 32761,
    "index": 51
  },
  {
    "name": "Require(42) node_modules/egg-i18n/app.js",
    "start": 1658064123919,
    "end": 1658064123932,
    "duration": 13,
    "pid": 32761,
    "index": 52
  },
  {
    "name": "Require(43) node_modules/egg-watcher/app.js",
    "start": 1658064123932,
    "end": 1658064123934,
    "duration": 2,
    "pid": 32761,
    "index": 53
  },
  {
    "name": "Require(44) node_modules/egg-schedule/app.js",
    "start": 1658064123934,
    "end": 1658064123935,
    "duration": 1,
    "pid": 32761,
    "index": 54
  },
  {
    "name": "Require(45) node_modules/egg-multipart/app.js",
    "start": 1658064123935,
    "end": 1658064123936,
    "duration": 1,
    "pid": 32761,
    "index": 55
  },
  {
    "name": "Require(46) node_modules/egg-development/app.js",
    "start": 1658064123936,
    "end": 1658064123936,
    "duration": 0,
    "pid": 32761,
    "index": 56
  },
  {
    "name": "Require(47) node_modules/egg-logrotator/app.js",
    "start": 1658064123936,
    "end": 1658064123936,
    "duration": 0,
    "pid": 32761,
    "index": 57
  },
  {
    "name": "Require(48) node_modules/egg-static/app.js",
    "start": 1658064123937,
    "end": 1658064123937,
    "duration": 0,
    "pid": 32761,
    "index": 58
  },
  {
    "name": "Require(49) node_modules/egg-mongoose/app.js",
    "start": 1658064123937,
    "end": 1658064123937,
    "duration": 0,
    "pid": 32761,
    "index": 59
  },
  {
    "name": "Require(50) node_modules/egg-validate/app.js",
    "start": 1658064123937,
    "end": 1658064123939,
    "duration": 2,
    "pid": 32761,
    "index": 60
  },
  {
    "name": "Before Start in node_modules/egg-watcher/lib/init.js:15:14",
    "start": 1658064123951,
    "end": 1658064125191,
    "duration": 1240,
    "pid": 32761,
    "index": 61
  },
  {
    "name": "Before Start in node_modules/egg-mongoose/lib/mongoose.js:104:7",
    "start": 1658064124592,
    "end": 1658064125188,
    "duration": 596,
    "pid": 32761,
    "index": 62
  },
  {
    "name": "Before Start in node_modules/egg-mongoose/lib/mongoose.js:52:9",
    "start": 1658064124592,
    "end": 1658064124728,
    "duration": 136,
    "pid": 32761,
    "index": 63
  },
  {
    "name": "Load Service",
    "start": 1658064124593,
    "end": 1658064124601,
    "duration": 8,
    "pid": 32761,
    "index": 64
  },
  {
    "name": "Load \"service\" to Context",
    "start": 1658064124593,
    "end": 1658064124601,
    "duration": 8,
    "pid": 32761,
    "index": 65
  },
  {
    "name": "Load Middleware",
    "start": 1658064124601,
    "end": 1658064124698,
    "duration": 97,
    "pid": 32761,
    "index": 66
  },
  {
    "name": "Load \"middlewares\" to Application",
    "start": 1658064124601,
    "end": 1658064124683,
    "duration": 82,
    "pid": 32761,
    "index": 67
  },
  {
    "name": "Load Controller",
    "start": 1658064124699,
    "end": 1658064124700,
    "duration": 1,
    "pid": 32761,
    "index": 68
  },
  {
    "name": "Load \"controller\" to Application",
    "start": 1658064124699,
    "end": 1658064124700,
    "duration": 1,
    "pid": 32761,
    "index": 69
  },
  {
    "name": "Load Router",
    "start": 1658064124700,
    "end": 1658064124703,
    "duration": 3,
    "pid": 32761,
    "index": 70
  },
  {
    "name": "Require(51) app/router.js",
    "start": 1658064124700,
    "end": 1658064124701,
    "duration": 1,
    "pid": 32761,
    "index": 71
  },
  {
    "name": "Before Start in node_modules/egg-core/lib/egg.js:303:10",
    "start": 1658064124701,
    "end": 1658064124728,
    "duration": 27,
    "pid": 32761,
    "index": 72
  },
  {
    "name": "Load \"model\" to Application",
    "start": 1658064124716,
    "end": 1658064124727,
    "duration": 11,
    "pid": 32761,
    "index": 73
  }
]