[
  {
    "name": "Process Start",
    "start": 1658063750381,
    "end": 1658063753265,
    "duration": 2884,
    "pid": 32401,
    "index": 0
  },
  {
    "name": "Application Start",
    "start": 1658063753266,
    "end": 1658063755394,
    "duration": 2128,
    "pid": 32401,
    "index": 1
  },
  {
    "name": "Load Plugin",
    "start": 1658063753269,
    "end": 1658063753279,
    "duration": 10,
    "pid": 32401,
    "index": 2
  },
  {
    "name": "Load Config",
    "start": 1658063753279,
    "end": 1658063753306,
    "duration": 27,
    "pid": 32401,
    "index": 3
  },
  {
    "name": "Require(0) config/config.default.js",
    "start": 1658063753280,
    "end": 1658063753280,
    "duration": 0,
    "pid": 32401,
    "index": 4
  },
  {
    "name": "Require(1) node_modules/egg-session/config/config.default.js",
    "start": 1658063753282,
    "end": 1658063753282,
    "duration": 0,
    "pid": 32401,
    "index": 5
  },
  {
    "name": "Require(2) node_modules/egg-security/config/config.default.js",
    "start": 1658063753282,
    "end": 1658063753284,
    "duration": 2,
    "pid": 32401,
    "index": 6
  },
  {
    "name": "Require(3) node_modules/egg-jsonp/config/config.default.js",
    "start": 1658063753287,
    "end": 1658063753287,
    "duration": 0,
    "pid": 32401,
    "index": 7
  },
  {
    "name": "Require(4) node_modules/egg-onerror/config/config.default.js",
    "start": 1658063753287,
    "end": 1658063753288,
    "duration": 1,
    "pid": 32401,
    "index": 8
  },
  {
    "name": "Require(5) node_modules/egg-i18n/config/config.default.js",
    "start": 1658063753288,
    "end": 1658063753289,
    "duration": 1,
    "pid": 32401,
    "index": 9
  },
  {
    "name": "Require(6) node_modules/egg-watcher/config/config.default.js",
    "start": 1658063753290,
    "end": 1658063753291,
    "duration": 1,
    "pid": 32401,
    "index": 10
  },
  {
    "name": "Require(7) node_modules/egg-schedule/config/config.default.js",
    "start": 1658063753291,
    "end": 1658063753292,
    "duration": 1,
    "pid": 32401,
    "index": 11
  },
  {
    "name": "Require(8) node_modules/egg-multipart/config/config.default.js",
    "start": 1658063753292,
    "end": 1658063753292,
    "duration": 0,
    "pid": 32401,
    "index": 12
  },
  {
    "name": "Require(9) node_modules/egg-development/config/config.default.js",
    "start": 1658063753293,
    "end": 1658063753293,
    "duration": 0,
    "pid": 32401,
    "index": 13
  },
  {
    "name": "Require(10) node_modules/egg-logrotator/config/config.default.js",
    "start": 1658063753294,
    "end": 1658063753294,
    "duration": 0,
    "pid": 32401,
    "index": 14
  },
  {
    "name": "Require(11) node_modules/egg-static/config/config.default.js",
    "start": 1658063753295,
    "end": 1658063753295,
    "duration": 0,
    "pid": 32401,
    "index": 15
  },
  {
    "name": "Require(12) node_modules/egg-view/config/config.default.js",
    "start": 1658063753299,
    "end": 1658063753300,
    "duration": 1,
    "pid": 32401,
    "index": 16
  },
  {
    "name": "Require(13) node_modules/egg-mongoose/config/config.default.js",
    "start": 1658063753300,
    "end": 1658063753300,
    "duration": 0,
    "pid": 32401,
    "index": 17
  },
  {
    "name": "Require(14) node_modules/egg-validate/config/config.default.js",
    "start": 1658063753301,
    "end": 1658063753301,
    "duration": 0,
    "pid": 32401,
    "index": 18
  },
  {
    "name": "Require(15) node_modules/egg/config/config.default.js",
    "start": 1658063753301,
    "end": 1658063753301,
    "duration": 0,
    "pid": 32401,
    "index": 19
  },
  {
    "name": "Require(16) config/config.default.js",
    "start": 1658063753303,
    "end": 1658063753303,
    "duration": 0,
    "pid": 32401,
    "index": 20
  },
  {
    "name": "Require(17) node_modules/egg-security/config/config.local.js",
    "start": 1658063753303,
    "end": 1658063753304,
    "duration": 1,
    "pid": 32401,
    "index": 21
  },
  {
    "name": "Require(18) node_modules/egg-watcher/config/config.local.js",
    "start": 1658063753304,
    "end": 1658063753305,
    "duration": 1,
    "pid": 32401,
    "index": 22
  },
  {
    "name": "Require(19) node_modules/egg-view/config/config.local.js",
    "start": 1658063753305,
    "end": 1658063753305,
    "duration": 0,
    "pid": 32401,
    "index": 23
  },
  {
    "name": "Require(20) node_modules/egg/config/config.local.js",
    "start": 1658063753306,
    "end": 1658063753306,
    "duration": 0,
    "pid": 32401,
    "index": 24
  },
  {
    "name": "Load extend/application.js",
    "start": 1658063753308,
    "end": 1658063753314,
    "duration": 6,
    "pid": 32401,
    "index": 25
  },
  {
    "name": "Require(21) node_modules/egg-session/app/extend/application.js",
    "start": 1658063753308,
    "end": 1658063753308,
    "duration": 0,
    "pid": 32401,
    "index": 26
  },
  {
    "name": "Require(22) node_modules/egg-security/app/extend/application.js",
    "start": 1658063753309,
    "end": 1658063753309,
    "duration": 0,
    "pid": 32401,
    "index": 27
  },
  {
    "name": "Require(23) node_modules/egg-jsonp/app/extend/application.js",
    "start": 1658063753309,
    "end": 1658063753310,
    "duration": 1,
    "pid": 32401,
    "index": 28
  },
  {
    "name": "Require(24) node_modules/egg-logrotator/app/extend/application.js",
    "start": 1658063753311,
    "end": 1658063753312,
    "duration": 1,
    "pid": 32401,
    "index": 29
  },
  {
    "name": "Require(25) node_modules/egg-view/app/extend/application.js",
    "start": 1658063753312,
    "end": 1658063753313,
    "duration": 1,
    "pid": 32401,
    "index": 30
  },
  {
    "name": "Load extend/request.js",
    "start": 1658063753314,
    "end": 1658063753317,
    "duration": 3,
    "pid": 32401,
    "index": 31
  },
  {
    "name": "Require(26) node_modules/egg/app/extend/request.js",
    "start": 1658063753315,
    "end": 1658063753315,
    "duration": 0,
    "pid": 32401,
    "index": 32
  },
  {
    "name": "Load extend/response.js",
    "start": 1658063753317,
    "end": 1658063753324,
    "duration": 7,
    "pid": 32401,
    "index": 33
  },
  {
    "name": "Require(27) node_modules/egg/app/extend/response.js",
    "start": 1658063753320,
    "end": 1658063753322,
    "duration": 2,
    "pid": 32401,
    "index": 34
  },
  {
    "name": "Load extend/context.js",
    "start": 1658063753324,
    "end": 1658063753519,
    "duration": 195,
    "pid": 32401,
    "index": 35
  },
  {
    "name": "Require(28) node_modules/egg-security/app/extend/context.js",
    "start": 1658063753324,
    "end": 1658063753332,
    "duration": 8,
    "pid": 32401,
    "index": 36
  },
  {
    "name": "Require(29) node_modules/egg-jsonp/app/extend/context.js",
    "start": 1658063753332,
    "end": 1658063753333,
    "duration": 1,
    "pid": 32401,
    "index": 37
  },
  {
    "name": "Require(30) node_modules/egg-i18n/app/extend/context.js",
    "start": 1658063753333,
    "end": 1658063753333,
    "duration": 0,
    "pid": 32401,
    "index": 38
  },
  {
    "name": "Require(31) node_modules/egg-multipart/app/extend/context.js",
    "start": 1658063753334,
    "end": 1658063753516,
    "duration": 182,
    "pid": 32401,
    "index": 39
  },
  {
    "name": "Require(32) node_modules/egg-view/app/extend/context.js",
    "start": 1658063753516,
    "end": 1658063753517,
    "duration": 1,
    "pid": 32401,
    "index": 40
  },
  {
    "name": "Require(33) node_modules/egg-mongoose/app/extend/context.js",
    "start": 1658063753517,
    "end": 1658063753517,
    "duration": 0,
    "pid": 32401,
    "index": 41
  },
  {
    "name": "Require(34) node_modules/egg-validate/app/extend/context.js",
    "start": 1658063753517,
    "end": 1658063753517,
    "duration": 0,
    "pid": 32401,
    "index": 42
  },
  {
    "name": "Require(35) node_modules/egg/app/extend/context.js",
    "start": 1658063753517,
    "end": 1658063753518,
    "duration": 1,
    "pid": 32401,
    "index": 43
  },
  {
    "name": "Load extend/helper.js",
    "start": 1658063753519,
    "end": 1658063753536,
    "duration": 17,
    "pid": 32401,
    "index": 44
  },
  {
    "name": "Require(36) node_modules/egg-security/app/extend/helper.js",
    "start": 1658063753520,
    "end": 1658063753530,
    "duration": 10,
    "pid": 32401,
    "index": 45
  },
  {
    "name": "Require(37) node_modules/egg/app/extend/helper.js",
    "start": 1658063753531,
    "end": 1658063753531,
    "duration": 0,
    "pid": 32401,
    "index": 46
  },
  {
    "name": "Require(38) app/extend/helper.js",
    "start": 1658063753531,
    "end": 1658063753532,
    "duration": 1,
    "pid": 32401,
    "index": 47
  },
  {
    "name": "Load app.js",
    "start": 1658063753536,
    "end": 1658063753584,
    "duration": 48,
    "pid": 32401,
    "index": 48
  },
  {
    "name": "Require(39) node_modules/egg-session/app.js",
    "start": 1658063753537,
    "end": 1658063753537,
    "duration": 0,
    "pid": 32401,
    "index": 49
  },
  {
    "name": "Require(40) node_modules/egg-security/app.js",
    "start": 1658063753540,
    "end": 1658063753543,
    "duration": 3,
    "pid": 32401,
    "index": 50
  },
  {
    "name": "Require(41) node_modules/egg-onerror/app.js",
    "start": 1658063753543,
    "end": 1658063753548,
    "duration": 5,
    "pid": 32401,
    "index": 51
  },
  {
    "name": "Require(42) node_modules/egg-i18n/app.js",
    "start": 1658063753548,
    "end": 1658063753576,
    "duration": 28,
    "pid": 32401,
    "index": 52
  },
  {
    "name": "Require(43) node_modules/egg-watcher/app.js",
    "start": 1658063753576,
    "end": 1658063753578,
    "duration": 2,
    "pid": 32401,
    "index": 53
  },
  {
    "name": "Require(44) node_modules/egg-schedule/app.js",
    "start": 1658063753578,
    "end": 1658063753579,
    "duration": 1,
    "pid": 32401,
    "index": 54
  },
  {
    "name": "Require(45) node_modules/egg-multipart/app.js",
    "start": 1658063753580,
    "end": 1658063753581,
    "duration": 1,
    "pid": 32401,
    "index": 55
  },
  {
    "name": "Require(46) node_modules/egg-development/app.js",
    "start": 1658063753581,
    "end": 1658063753581,
    "duration": 0,
    "pid": 32401,
    "index": 56
  },
  {
    "name": "Require(47) node_modules/egg-logrotator/app.js",
    "start": 1658063753582,
    "end": 1658063753582,
    "duration": 0,
    "pid": 32401,
    "index": 57
  },
  {
    "name": "Require(48) node_modules/egg-static/app.js",
    "start": 1658063753582,
    "end": 1658063753582,
    "duration": 0,
    "pid": 32401,
    "index": 58
  },
  {
    "name": "Require(49) node_modules/egg-mongoose/app.js",
    "start": 1658063753583,
    "end": 1658063753583,
    "duration": 0,
    "pid": 32401,
    "index": 59
  },
  {
    "name": "Require(50) node_modules/egg-validate/app.js",
    "start": 1658063753583,
    "end": 1658063753584,
    "duration": 1,
    "pid": 32401,
    "index": 60
  },
  {
    "name": "Before Start in node_modules/egg-watcher/lib/init.js:15:14",
    "start": 1658063753598,
    "end": 1658063755392,
    "duration": 1794,
    "pid": 32401,
    "index": 61
  },
  {
    "name": "Before Start in node_modules/egg-mongoose/lib/mongoose.js:104:7",
    "start": 1658063755102,
    "end": 1658063755390,
    "duration": 288,
    "pid": 32401,
    "index": 62
  },
  {
    "name": "Before Start in node_modules/egg-mongoose/lib/mongoose.js:52:9",
    "start": 1658063755102,
    "end": 1658063755331,
    "duration": 229,
    "pid": 32401,
    "index": 63
  },
  {
    "name": "Load Service",
    "start": 1658063755103,
    "end": 1658063755110,
    "duration": 7,
    "pid": 32401,
    "index": 64
  },
  {
    "name": "Load \"service\" to Context",
    "start": 1658063755103,
    "end": 1658063755110,
    "duration": 7,
    "pid": 32401,
    "index": 65
  },
  {
    "name": "Load Middleware",
    "start": 1658063755111,
    "end": 1658063755200,
    "duration": 89,
    "pid": 32401,
    "index": 66
  },
  {
    "name": "Load \"middlewares\" to Application",
    "start": 1658063755111,
    "end": 1658063755185,
    "duration": 74,
    "pid": 32401,
    "index": 67
  },
  {
    "name": "Load Controller",
    "start": 1658063755200,
    "end": 1658063755202,
    "duration": 2,
    "pid": 32401,
    "index": 68
  },
  {
    "name": "Load \"controller\" to Application",
    "start": 1658063755201,
    "end": 1658063755202,
    "duration": 1,
    "pid": 32401,
    "index": 69
  },
  {
    "name": "Load Router",
    "start": 1658063755202,
    "end": 1658063755204,
    "duration": 2,
    "pid": 32401,
    "index": 70
  },
  {
    "name": "Require(51) app/router.js",
    "start": 1658063755202,
    "end": 1658063755202,
    "duration": 0,
    "pid": 32401,
    "index": 71
  },
  {
    "name": "Before Start in node_modules/egg-core/lib/egg.js:303:10",
    "start": 1658063755202,
    "end": 1658063755331,
    "duration": 129,
    "pid": 32401,
    "index": 72
  },
  {
    "name": "Load \"model\" to Application",
    "start": 1658063755232,
    "end": 1658063755330,
    "duration": 98,
    "pid": 32401,
    "index": 73
  }
]