{
  "config": {
    "session": {
      "maxAge": 86400000,
      "key": "EGG_SESS",
      "httpOnly": true,
      "encrypt": true,
      "logValue": true,
      "overwrite": true,
      "signed": true,
      "autoCommit": true,
      "encode": "<Function encode>",
      "decode": "<Function decode>",
      "genid": "<Function v4>"
    },
    "security": {
      "domainWhiteList": [],
      "protocolWhiteList": [],
      "defaultMiddleware": "csrf,hsts,methodnoallow,noopen,nosniff,csp,xssProtection,xframe,dta",
      "csrf": {
        "enable": false,
        "type": "ctoken",
        "ignoreJSON": false,
        "useSession": false,
        "cookieName": "csrfToken",
        "sessionName": "csrfToken",
        "headerName": "x-csrf-token",
        "bodyName": "_csrf",
        "queryName": "_csrf",
        "supportedRequests": [
          {
            "path": {},
            "methods": [
              "POST",
              "PATCH",
              "DELETE",
              "PUT",
              "CONNECT"
            ]
          }
        ],
        "refererWhiteList": []
      },
      "xframe": {
        "enable": true,
        "value": "SAMEORIGIN",
        "matching": "<Function anonymous>"
      },
      "hsts": {
        "enable": false,
        "maxAge": 31536000,
        "includeSubdomains": false
      },
      "dta": {
        "enable": true,
        "matching": "<Function anonymous>"
      },
      "methodnoallow": {
        "enable": true,
        "matching": "<Function anonymous>"
      },
      "noopen": {
        "enable": true,
        "matching": "<Function anonymous>"
      },
      "nosniff": {
        "enable": true,
        "matching": "<Function anonymous>"
      },
      "referrerPolicy": {
        "enable": false,
        "value": "no-referrer-when-downgrade"
      },
      "xssProtection": {
        "enable": true,
        "value": "1; mode=block",
        "matching": "<Function anonymous>"
      },
      "csp": {
        "enable": false,
        "policy": {}
      },
      "ssrf": {
        "ipBlackList": null,
        "ipExceptionList": null,
        "checkAddress": null
      },
      "_protocolWhiteListSet": "<Set>"
    },
    "helper": {
      "shtml": {}
    },
    "jsonp": {
      "limit": 50,
      "callback": [
        "_callback",
        "callback"
      ],
      "csrf": false
    },
    "onerror": {
      "errorPageUrl": "",
      "appErrorFilter": null,
      "templatePath": "/Users/majinju/Desktop/高级前端2期/03_node/10-egg/node_modules/egg-onerror/lib/onerror_page.mustache"
    },
    "i18n": {
      "defaultLocale": "en_US",
      "dirs": [
        "/Users/majinju/Desktop/高级前端2期/03_node/10-egg/node_modules/egg-session/config/locales",
        "/Users/majinju/Desktop/高级前端2期/03_node/10-egg/node_modules/egg-security/config/locales",
        "/Users/majinju/Desktop/高级前端2期/03_node/10-egg/node_modules/egg-jsonp/config/locales",
        "/Users/majinju/Desktop/高级前端2期/03_node/10-egg/node_modules/egg-onerror/config/locales",
        "/Users/majinju/Desktop/高级前端2期/03_node/10-egg/node_modules/egg-i18n/config/locales",
        "/Users/majinju/Desktop/高级前端2期/03_node/10-egg/node_modules/egg-watcher/config/locales",
        "/Users/majinju/Desktop/高级前端2期/03_node/10-egg/node_modules/egg-schedule/config/locales",
        "/Users/majinju/Desktop/高级前端2期/03_node/10-egg/node_modules/egg-multipart/config/locales",
        "/Users/majinju/Desktop/高级前端2期/03_node/10-egg/node_modules/egg-development/config/locales",
        "/Users/majinju/Desktop/高级前端2期/03_node/10-egg/node_modules/egg-logrotator/config/locales",
        "/Users/majinju/Desktop/高级前端2期/03_node/10-egg/node_modules/egg-static/config/locales",
        "/Users/majinju/Desktop/高级前端2期/03_node/10-egg/node_modules/egg-view/config/locales",
        "/Users/majinju/Desktop/高级前端2期/03_node/10-egg/node_modules/egg-mongoose/config/locales",
        "/Users/majinju/Desktop/高级前端2期/03_node/10-egg/node_modules/egg-validate/config/locales",
        "/Users/majinju/Desktop/高级前端2期/03_node/10-egg/node_modules/egg/config/locales",
        "/Users/majinju/Desktop/高级前端2期/03_node/10-egg/config/locales"
      ],
      "queryField": "locale",
      "cookieField": "locale",
      "cookieDomain": "",
      "cookieMaxAge": "1y",
      "functionName": "__"
    },
    "watcher": {
      "type": "development",
      "eventSources": {
        "default": "/Users/majinju/Desktop/高级前端2期/03_node/10-egg/node_modules/egg-watcher/lib/event-sources/default",
        "development": "/Users/majinju/Desktop/高级前端2期/03_node/10-egg/node_modules/egg-watcher/lib/event-sources/development"
      }
    },
    "customLogger": {
      "scheduleLogger": {
        "consoleLevel": "NONE",
        "file": "egg-schedule.log"
      }
    },
    "schedule": {
      "directory": []
    },
    "multipart": {
      "mode": "stream",
      "autoFields": false,
      "defaultCharset": "utf8",
      "fieldNameSize": 100,
      "fieldSize": 102400,
      "fields": 10,
      "fileSize": 10485760,
      "files": 10,
      "fileExtensions": [],
      "whitelist": null,
      "allowArrayField": false,
      "tmpdir": "/var/folders/7b/sz6pt5jd3y3b51q1ngm_8pph0000gn/T/egg-multipart-tmp/10-egg",
      "cleanSchedule": {
        "cron": "0 30 4 * * *",
        "disable": false
      }
    },
    "development": {
      "watchDirs": [],
      "ignoreDirs": [],
      "fastReady": false,
      "reloadOnDebug": true,
      "overrideDefault": false,
      "overrideIgnore": false
    },
    "logrotator": {
      "filesRotateByHour": null,
      "hourDelimiter": "-",
      "filesRotateBySize": null,
      "maxFileSize": 52428800,
      "maxFiles": 10,
      "rotateDuration": 60000,
      "maxDays": 31
    },
    "static": {
      "prefix": "/public/",
      "dir": "/Users/majinju/Desktop/高级前端2期/03_node/10-egg/app/public",
      "dynamic": true,
      "preload": false,
      "buffer": false,
      "maxFiles": 1000
    },
    "view": {
      "root": "/Users/majinju/Desktop/高级前端2期/03_node/10-egg/app/view",
      "cache": false,
      "defaultExtension": ".html",
      "defaultViewEngine": "",
      "mapping": {}
    },
    "mongoose": {
      "url": "mongodb://127.0.0.1:27017/egg-test-study",
      "options": {
        "useUnifiedTopology": true,
        "useCreateIndex": true,
        "useNewUrlParser": true
      },
      "plugins": [],
      "loadModel": true,
      "app": true,
      "agent": false,
      "client": {
        "url": "mongodb://127.0.0.1:27017/egg-test-study",
        "options": {
          "useUnifiedTopology": true,
          "useCreateIndex": true,
          "useNewUrlParser": true
        }
      }
    },
    "validate": {},
    "env": "local",
    "name": "10-egg",
    "keys": "<String len: 25>",
    "cookies": {},
    "proxy": false,
    "maxIpsCount": 0,
    "maxProxyCount": 0,
    "protocolHeaders": "x-forwarded-proto",
    "ipHeaders": "x-forwarded-for",
    "hostHeaders": "",
    "pkg": {
      "name": "10-egg",
      "version": "1.0.0",
      "description": "",
      "private": true,
      "egg": {
        "declarations": true
      },
      "dependencies": {
        "egg": "^2",
        "egg-mongoose": "^3.3.1",
        "egg-scripts": "^2",
        "egg-validate": "^2.0.2"
      },
      "devDependencies": {
        "autod": "^3",
        "autod-egg": "^1",
        "egg-bin": "^4",
        "egg-ci": "^2",
        "egg-mock": "^4",
        "eslint": "^8",
        "eslint-config-egg": "^12"
      },
      "engines": {
        "node": ">=16.0.0"
      },
      "scripts": {
        "start": "egg-scripts start --daemon --title=egg-server-10-egg",
        "stop": "egg-scripts stop --title=egg-server-10-egg",
        "dev": "egg-bin dev",
        "debug": "egg-bin debug",
        "test": "npm run lint -- --fix && npm run test-local",
        "test-local": "egg-bin test",
        "cov": "egg-bin cov",
        "lint": "eslint .",
        "ci": "npm run lint && npm run cov",
        "autod": "autod"
      },
      "ci": {
        "version": "16",
        "type": "github"
      },
      "repository": {
        "type": "git",
        "url": ""
      },
      "author": "",
      "license": "MIT"
    },
    "baseDir": "/Users/majinju/Desktop/高级前端2期/03_node/10-egg",
    "HOME": "/Users/majinju",
    "rundir": "/Users/majinju/Desktop/高级前端2期/03_node/10-egg/run",
    "dump": {
      "ignore": "<Set>"
    },
    "confusedConfigurations": {
      "bodyparser": "bodyParser",
      "notFound": "notfound",
      "sitefile": "siteFile",
      "middlewares": "middleware",
      "httpClient": "httpclient"
    },
    "notfound": {
      "pageUrl": ""
    },
    "siteFile": {
      "/favicon.ico": "<Buffer len: 6463>",
      "cacheControl": "public, max-age=2592000"
    },
    "bodyParser": {
      "enable": true,
      "encoding": "utf8",
      "formLimit": "1mb",
      "jsonLimit": "1mb",
      "textLimit": "1mb",
      "strict": true,
      "queryString": {
        "arrayLimit": 100,
        "depth": 5,
        "parameterLimit": 1000
      },
      "returnRawBody": true
    },
    "logger": {
      "dir": "/Users/majinju/Desktop/高级前端2期/03_node/10-egg/logs/10-egg",
      "encoding": "utf8",
      "env": "local",
      "level": "INFO",
      "consoleLevel": "INFO",
      "disableConsoleAfterReady": false,
      "outputJSON": false,
      "buffer": true,
      "appLogName": "10-egg-web.log",
      "coreLogName": "egg-web.log",
      "agentLogName": "egg-agent.log",
      "errorLogName": "common-error.log",
      "coreLogger": {
        "consoleLevel": "WARN"
      },
      "allowDebugAtProd": false,
      "enablePerformanceTimer": false,
      "type": "application"
    },
    "httpclient": {
      "enableDNSCache": false,
      "dnsCacheLookupInterval": 10000,
      "dnsCacheMaxLength": 1000,
      "request": {
        "timeout": 5000
      },
      "httpAgent": {
        "keepAlive": true,
        "freeSocketTimeout": 4000,
        "maxSockets": 9007199254740991,
        "maxFreeSockets": 256
      },
      "httpsAgent": {
        "keepAlive": true,
        "freeSocketTimeout": 4000,
        "maxSockets": 9007199254740991,
        "maxFreeSockets": 256
      }
    },
    "meta": {
      "enable": true,
      "logging": false
    },
    "coreMiddleware": [
      "meta",
      "siteFile",
      "notfound",
      "static",
      "bodyParser",
      "overrideMethod",
      "session",
      "securities",
      "i18n",
      "eggLoaderTrace"
    ],
    "workerStartTimeout": 600000,
    "serverTimeout": null,
    "cluster": {
      "listen": {
        "path": "",
        "port": 7001,
        "hostname": ""
      }
    },
    "clusterClient": {
      "maxWaitTime": 60000,
      "responseTimeout": 60000
    },
    "onClientError": null,
    "middleware": [
      "errorHandler"
    ],
    "coreMiddlewares": "~config~coreMiddleware",
    "appMiddlewares": "~config~middleware",
    "appMiddleware": "~config~middleware",
    "multipartParseOptions": {
      "autoFields": false,
      "defCharset": "utf8",
      "limits": {
        "fieldNameSize": 100,
        "fieldSize": 102400,
        "fields": 10,
        "fileSize": 10485760,
        "files": 10
      },
      "checkFile": "<Function checkFile>"
    }
  },
  "plugins": {
    "onerror": {
      "enable": true,
      "package": "egg-onerror",
      "name": "onerror",
      "dependencies": [],
      "optionalDependencies": [
        "jsonp"
      ],
      "env": [],
      "from": "/Users/majinju/Desktop/高级前端2期/03_node/10-egg/node_modules/egg/config/plugin.js",
      "path": "/Users/majinju/Desktop/高级前端2期/03_node/10-egg/node_modules/egg-onerror",
      "version": "2.1.0"
    },
    "session": {
      "enable": true,
      "package": "egg-session",
      "name": "session",
      "dependencies": [],
      "optionalDependencies": [],
      "env": [],
      "from": "/Users/majinju/Desktop/高级前端2期/03_node/10-egg/node_modules/egg/config/plugin.js",
      "path": "/Users/majinju/Desktop/高级前端2期/03_node/10-egg/node_modules/egg-session",
      "version": "3.3.0"
    },
    "i18n": {
      "enable": true,
      "package": "egg-i18n",
      "name": "i18n",
      "dependencies": [],
      "optionalDependencies": [],
      "env": [],
      "from": "/Users/majinju/Desktop/高级前端2期/03_node/10-egg/node_modules/egg/config/plugin.js",
      "path": "/Users/majinju/Desktop/高级前端2期/03_node/10-egg/node_modules/egg-i18n",
      "version": "2.1.1"
    },
    "watcher": {
      "enable": true,
      "package": "egg-watcher",
      "name": "watcher",
      "dependencies": [],
      "optionalDependencies": [],
      "env": [],
      "from": "/Users/majinju/Desktop/高级前端2期/03_node/10-egg/node_modules/egg/config/plugin.js",
      "path": "/Users/majinju/Desktop/高级前端2期/03_node/10-egg/node_modules/egg-watcher",
      "version": "3.1.1"
    },
    "multipart": {
      "enable": true,
      "package": "egg-multipart",
      "name": "multipart",
      "dependencies": [],
      "optionalDependencies": [
        "schedule"
      ],
      "env": [],
      "from": "/Users/majinju/Desktop/高级前端2期/03_node/10-egg/node_modules/egg/config/plugin.js",
      "path": "/Users/majinju/Desktop/高级前端2期/03_node/10-egg/node_modules/egg-multipart",
      "version": "2.13.1"
    },
    "security": {
      "enable": true,
      "package": "egg-security",
      "name": "security",
      "dependencies": [],
      "optionalDependencies": [
        "session"
      ],
      "env": [],
      "from": "/Users/majinju/Desktop/高级前端2期/03_node/10-egg/node_modules/egg/config/plugin.js",
      "path": "/Users/majinju/Desktop/高级前端2期/03_node/10-egg/node_modules/egg-security",
      "version": "2.10.1"
    },
    "development": {
      "enable": true,
      "package": "egg-development",
      "name": "development",
      "dependencies": [
        "watcher"
      ],
      "optionalDependencies": [],
      "env": [
        "local"
      ],
      "from": "/Users/majinju/Desktop/高级前端2期/03_node/10-egg/node_modules/egg/config/plugin.js",
      "path": "/Users/majinju/Desktop/高级前端2期/03_node/10-egg/node_modules/egg-development",
      "version": "2.7.0"
    },
    "logrotator": {
      "enable": true,
      "package": "egg-logrotator",
      "name": "logrotator",
      "dependencies": [
        "schedule"
      ],
      "optionalDependencies": [],
      "env": [],
      "from": "/Users/majinju/Desktop/高级前端2期/03_node/10-egg/node_modules/egg/config/plugin.js",
      "path": "/Users/majinju/Desktop/高级前端2期/03_node/10-egg/node_modules/egg-logrotator",
      "version": "3.1.0"
    },
    "schedule": {
      "enable": true,
      "package": "egg-schedule",
      "name": "schedule",
      "dependencies": [],
      "optionalDependencies": [],
      "env": [],
      "from": "/Users/majinju/Desktop/高级前端2期/03_node/10-egg/node_modules/egg/config/plugin.js",
      "path": "/Users/majinju/Desktop/高级前端2期/03_node/10-egg/node_modules/egg-schedule",
      "version": "3.6.6"
    },
    "static": {
      "enable": true,
      "package": "egg-static",
      "name": "static",
      "dependencies": [],
      "optionalDependencies": [],
      "env": [],
      "from": "/Users/majinju/Desktop/高级前端2期/03_node/10-egg/node_modules/egg/config/plugin.js",
      "path": "/Users/majinju/Desktop/高级前端2期/03_node/10-egg/node_modules/egg-static",
      "version": "2.2.0"
    },
    "jsonp": {
      "enable": true,
      "package": "egg-jsonp",
      "name": "jsonp",
      "dependencies": [],
      "optionalDependencies": [
        "security"
      ],
      "env": [],
      "from": "/Users/majinju/Desktop/高级前端2期/03_node/10-egg/node_modules/egg/config/plugin.js",
      "path": "/Users/majinju/Desktop/高级前端2期/03_node/10-egg/node_modules/egg-jsonp",
      "version": "2.0.0"
    },
    "view": {
      "enable": true,
      "package": "egg-view",
      "name": "view",
      "dependencies": [],
      "optionalDependencies": [],
      "env": [],
      "from": "/Users/majinju/Desktop/高级前端2期/03_node/10-egg/node_modules/egg/config/plugin.js",
      "path": "/Users/majinju/Desktop/高级前端2期/03_node/10-egg/node_modules/egg-view",
      "version": "2.1.3"
    },
    "mongoose": {
      "enable": true,
      "package": "egg-mongoose",
      "name": "mongoose",
      "dependencies": [],
      "optionalDependencies": [],
      "env": [],
      "from": "/Users/majinju/Desktop/高级前端2期/03_node/10-egg/config/plugin.js",
      "path": "/Users/majinju/Desktop/高级前端2期/03_node/10-egg/node_modules/egg-mongoose",
      "version": "3.3.1"
    },
    "validate": {
      "enable": true,
      "package": "egg-validate",
      "name": "validate",
      "dependencies": [],
      "optionalDependencies": [],
      "env": [],
      "from": "/Users/majinju/Desktop/高级前端2期/03_node/10-egg/config/plugin.js",
      "path": "/Users/majinju/Desktop/高级前端2期/03_node/10-egg/node_modules/egg-validate",
      "version": "2.0.2"
    }
  },
  "appInfo": {
    "name": "10-egg",
    "baseDir": "/Users/majinju/Desktop/高级前端2期/03_node/10-egg",
    "env": "local",
    "HOME": "/Users/majinju",
    "pkg": {
      "name": "10-egg",
      "version": "1.0.0",
      "description": "",
      "private": true,
      "egg": {
        "declarations": true
      },
      "dependencies": {
        "egg": "^2",
        "egg-mongoose": "^3.3.1",
        "egg-scripts": "^2",
        "egg-validate": "^2.0.2"
      },
      "devDependencies": {
        "autod": "^3",
        "autod-egg": "^1",
        "egg-bin": "^4",
        "egg-ci": "^2",
        "egg-mock": "^4",
        "eslint": "^8",
        "eslint-config-egg": "^12"
      },
      "engines": {
        "node": ">=16.0.0"
      },
      "scripts": {
        "start": "egg-scripts start --daemon --title=egg-server-10-egg",
        "stop": "egg-scripts stop --title=egg-server-10-egg",
        "dev": "egg-bin dev",
        "debug": "egg-bin debug",
        "test": "npm run lint -- --fix && npm run test-local",
        "test-local": "egg-bin test",
        "cov": "egg-bin cov",
        "lint": "eslint .",
        "ci": "npm run lint && npm run cov",
        "autod": "autod"
      },
      "ci": {
        "version": "16",
        "type": "github"
      },
      "repository": {
        "type": "git",
        "url": ""
      },
      "author": "",
      "license": "MIT"
    },
    "root": "/Users/majinju/Desktop/高级前端2期/03_node/10-egg"
  }
}