[
  {
    "name": "Process Start",
    "start": 1658064083942,
    "end": 1658064088323,
    "duration": 4381,
    "pid": 32721,
    "index": 0
  },
  {
    "name": "Application Start",
    "start": 1658064088325,
    "end": 1658064091872,
    "duration": 3547,
    "pid": 32721,
    "index": 1
  },
  {
    "name": "Load Plugin",
    "start": 1658064088334,
    "end": 1658064088347,
    "duration": 13,
    "pid": 32721,
    "index": 2
  },
  {
    "name": "Load Config",
    "start": 1658064088347,
    "end": 1658064088365,
    "duration": 18,
    "pid": 32721,
    "index": 3
  },
  {
    "name": "Require(0) config/config.default.js",
    "start": 1658064088348,
    "end": 1658064088348,
    "duration": 0,
    "pid": 32721,
    "index": 4
  },
  {
    "name": "Require(1) node_modules/egg-session/config/config.default.js",
    "start": 1658064088349,
    "end": 1658064088349,
    "duration": 0,
    "pid": 32721,
    "index": 5
  },
  {
    "name": "Require(2) node_modules/egg-security/config/config.default.js",
    "start": 1658064088350,
    "end": 1658064088350,
    "duration": 0,
    "pid": 32721,
    "index": 6
  },
  {
    "name": "Require(3) node_modules/egg-jsonp/config/config.default.js",
    "start": 1658064088351,
    "end": 1658064088351,
    "duration": 0,
    "pid": 32721,
    "index": 7
  },
  {
    "name": "Require(4) node_modules/egg-onerror/config/config.default.js",
    "start": 1658064088351,
    "end": 1658064088352,
    "duration": 1,
    "pid": 32721,
    "index": 8
  },
  {
    "name": "Require(5) node_modules/egg-i18n/config/config.default.js",
    "start": 1658064088352,
    "end": 1658064088352,
    "duration": 0,
    "pid": 32721,
    "index": 9
  },
  {
    "name": "Require(6) node_modules/egg-watcher/config/config.default.js",
    "start": 1658064088354,
    "end": 1658064088355,
    "duration": 1,
    "pid": 32721,
    "index": 10
  },
  {
    "name": "Require(7) node_modules/egg-schedule/config/config.default.js",
    "start": 1658064088355,
    "end": 1658064088355,
    "duration": 0,
    "pid": 32721,
    "index": 11
  },
  {
    "name": "Require(8) node_modules/egg-multipart/config/config.default.js",
    "start": 1658064088355,
    "end": 1658064088356,
    "duration": 1,
    "pid": 32721,
    "index": 12
  },
  {
    "name": "Require(9) node_modules/egg-development/config/config.default.js",
    "start": 1658064088356,
    "end": 1658064088357,
    "duration": 1,
    "pid": 32721,
    "index": 13
  },
  {
    "name": "Require(10) node_modules/egg-logrotator/config/config.default.js",
    "start": 1658064088357,
    "end": 1658064088357,
    "duration": 0,
    "pid": 32721,
    "index": 14
  },
  {
    "name": "Require(11) node_modules/egg-static/config/config.default.js",
    "start": 1658064088357,
    "end": 1658064088357,
    "duration": 0,
    "pid": 32721,
    "index": 15
  },
  {
    "name": "Require(12) node_modules/egg-view/config/config.default.js",
    "start": 1658064088358,
    "end": 1658064088358,
    "duration": 0,
    "pid": 32721,
    "index": 16
  },
  {
    "name": "Require(13) node_modules/egg-mongoose/config/config.default.js",
    "start": 1658064088358,
    "end": 1658064088358,
    "duration": 0,
    "pid": 32721,
    "index": 17
  },
  {
    "name": "Require(14) node_modules/egg-validate/config/config.default.js",
    "start": 1658064088359,
    "end": 1658064088359,
    "duration": 0,
    "pid": 32721,
    "index": 18
  },
  {
    "name": "Require(15) node_modules/egg/config/config.default.js",
    "start": 1658064088359,
    "end": 1658064088359,
    "duration": 0,
    "pid": 32721,
    "index": 19
  },
  {
    "name": "Require(16) config/config.default.js",
    "start": 1658064088363,
    "end": 1658064088363,
    "duration": 0,
    "pid": 32721,
    "index": 20
  },
  {
    "name": "Require(17) node_modules/egg-security/config/config.local.js",
    "start": 1658064088363,
    "end": 1658064088363,
    "duration": 0,
    "pid": 32721,
    "index": 21
  },
  {
    "name": "Require(18) node_modules/egg-watcher/config/config.local.js",
    "start": 1658064088364,
    "end": 1658064088364,
    "duration": 0,
    "pid": 32721,
    "index": 22
  },
  {
    "name": "Require(19) node_modules/egg-view/config/config.local.js",
    "start": 1658064088365,
    "end": 1658064088365,
    "duration": 0,
    "pid": 32721,
    "index": 23
  },
  {
    "name": "Require(20) node_modules/egg/config/config.local.js",
    "start": 1658064088365,
    "end": 1658064088365,
    "duration": 0,
    "pid": 32721,
    "index": 24
  },
  {
    "name": "Load extend/application.js",
    "start": 1658064088367,
    "end": 1658064088381,
    "duration": 14,
    "pid": 32721,
    "index": 25
  },
  {
    "name": "Require(21) node_modules/egg-session/app/extend/application.js",
    "start": 1658064088367,
    "end": 1658064088368,
    "duration": 1,
    "pid": 32721,
    "index": 26
  },
  {
    "name": "Require(22) node_modules/egg-security/app/extend/application.js",
    "start": 1658064088368,
    "end": 1658064088370,
    "duration": 2,
    "pid": 32721,
    "index": 27
  },
  {
    "name": "Require(23) node_modules/egg-jsonp/app/extend/application.js",
    "start": 1658064088371,
    "end": 1658064088372,
    "duration": 1,
    "pid": 32721,
    "index": 28
  },
  {
    "name": "Require(24) node_modules/egg-logrotator/app/extend/application.js",
    "start": 1658064088372,
    "end": 1658064088374,
    "duration": 2,
    "pid": 32721,
    "index": 29
  },
  {
    "name": "Require(25) node_modules/egg-view/app/extend/application.js",
    "start": 1658064088375,
    "end": 1658064088378,
    "duration": 3,
    "pid": 32721,
    "index": 30
  },
  {
    "name": "Load extend/request.js",
    "start": 1658064088381,
    "end": 1658064088386,
    "duration": 5,
    "pid": 32721,
    "index": 31
  },
  {
    "name": "Require(26) node_modules/egg/app/extend/request.js",
    "start": 1658064088382,
    "end": 1658064088383,
    "duration": 1,
    "pid": 32721,
    "index": 32
  },
  {
    "name": "Load extend/response.js",
    "start": 1658064088386,
    "end": 1658064088390,
    "duration": 4,
    "pid": 32721,
    "index": 33
  },
  {
    "name": "Require(27) node_modules/egg/app/extend/response.js",
    "start": 1658064088388,
    "end": 1658064088389,
    "duration": 1,
    "pid": 32721,
    "index": 34
  },
  {
    "name": "Load extend/context.js",
    "start": 1658064088390,
    "end": 1658064088633,
    "duration": 243,
    "pid": 32721,
    "index": 35
  },
  {
    "name": "Require(28) node_modules/egg-security/app/extend/context.js",
    "start": 1658064088391,
    "end": 1658064088397,
    "duration": 6,
    "pid": 32721,
    "index": 36
  },
  {
    "name": "Require(29) node_modules/egg-jsonp/app/extend/context.js",
    "start": 1658064088397,
    "end": 1658064088398,
    "duration": 1,
    "pid": 32721,
    "index": 37
  },
  {
    "name": "Require(30) node_modules/egg-i18n/app/extend/context.js",
    "start": 1658064088398,
    "end": 1658064088398,
    "duration": 0,
    "pid": 32721,
    "index": 38
  },
  {
    "name": "Require(31) node_modules/egg-multipart/app/extend/context.js",
    "start": 1658064088398,
    "end": 1658064088629,
    "duration": 231,
    "pid": 32721,
    "index": 39
  },
  {
    "name": "Require(32) node_modules/egg-view/app/extend/context.js",
    "start": 1658064088630,
    "end": 1658064088630,
    "duration": 0,
    "pid": 32721,
    "index": 40
  },
  {
    "name": "Require(33) node_modules/egg-mongoose/app/extend/context.js",
    "start": 1658064088630,
    "end": 1658064088631,
    "duration": 1,
    "pid": 32721,
    "index": 41
  },
  {
    "name": "Require(34) node_modules/egg-validate/app/extend/context.js",
    "start": 1658064088631,
    "end": 1658064088631,
    "duration": 0,
    "pid": 32721,
    "index": 42
  },
  {
    "name": "Require(35) node_modules/egg/app/extend/context.js",
    "start": 1658064088631,
    "end": 1658064088632,
    "duration": 1,
    "pid": 32721,
    "index": 43
  },
  {
    "name": "Load extend/helper.js",
    "start": 1658064088633,
    "end": 1658064088784,
    "duration": 151,
    "pid": 32721,
    "index": 44
  },
  {
    "name": "Require(36) node_modules/egg-security/app/extend/helper.js",
    "start": 1658064088633,
    "end": 1658064088747,
    "duration": 114,
    "pid": 32721,
    "index": 45
  },
  {
    "name": "Require(37) node_modules/egg/app/extend/helper.js",
    "start": 1658064088749,
    "end": 1658064088750,
    "duration": 1,
    "pid": 32721,
    "index": 46
  },
  {
    "name": "Require(38) app/extend/helper.js",
    "start": 1658064088750,
    "end": 1658064088750,
    "duration": 0,
    "pid": 32721,
    "index": 47
  },
  {
    "name": "Load app.js",
    "start": 1658064088784,
    "end": 1658064088830,
    "duration": 46,
    "pid": 32721,
    "index": 48
  },
  {
    "name": "Require(39) node_modules/egg-session/app.js",
    "start": 1658064088784,
    "end": 1658064088785,
    "duration": 1,
    "pid": 32721,
    "index": 49
  },
  {
    "name": "Require(40) node_modules/egg-security/app.js",
    "start": 1658064088786,
    "end": 1658064088792,
    "duration": 6,
    "pid": 32721,
    "index": 50
  },
  {
    "name": "Require(41) node_modules/egg-onerror/app.js",
    "start": 1658064088792,
    "end": 1658064088797,
    "duration": 5,
    "pid": 32721,
    "index": 51
  },
  {
    "name": "Require(42) node_modules/egg-i18n/app.js",
    "start": 1658064088797,
    "end": 1658064088810,
    "duration": 13,
    "pid": 32721,
    "index": 52
  },
  {
    "name": "Require(43) node_modules/egg-watcher/app.js",
    "start": 1658064088810,
    "end": 1658064088812,
    "duration": 2,
    "pid": 32721,
    "index": 53
  },
  {
    "name": "Require(44) node_modules/egg-schedule/app.js",
    "start": 1658064088813,
    "end": 1658064088816,
    "duration": 3,
    "pid": 32721,
    "index": 54
  },
  {
    "name": "Require(45) node_modules/egg-multipart/app.js",
    "start": 1658064088816,
    "end": 1658064088817,
    "duration": 1,
    "pid": 32721,
    "index": 55
  },
  {
    "name": "Require(46) node_modules/egg-development/app.js",
    "start": 1658064088817,
    "end": 1658064088817,
    "duration": 0,
    "pid": 32721,
    "index": 56
  },
  {
    "name": "Require(47) node_modules/egg-logrotator/app.js",
    "start": 1658064088818,
    "end": 1658064088818,
    "duration": 0,
    "pid": 32721,
    "index": 57
  },
  {
    "name": "Require(48) node_modules/egg-static/app.js",
    "start": 1658064088818,
    "end": 1658064088819,
    "duration": 1,
    "pid": 32721,
    "index": 58
  },
  {
    "name": "Require(49) node_modules/egg-mongoose/app.js",
    "start": 1658064088826,
    "end": 1658064088827,
    "duration": 1,
    "pid": 32721,
    "index": 59
  },
  {
    "name": "Require(50) node_modules/egg-validate/app.js",
    "start": 1658064088827,
    "end": 1658064088828,
    "duration": 1,
    "pid": 32721,
    "index": 60
  },
  {
    "name": "Before Start in node_modules/egg-watcher/lib/init.js:15:14",
    "start": 1658064088841,
    "end": 1658064091872,
    "duration": 3031,
    "pid": 32721,
    "index": 61
  },
  {
    "name": "Before Start in node_modules/egg-mongoose/lib/mongoose.js:104:7",
    "start": 1658064090567,
    "end": 1658064091869,
    "duration": 1302,
    "pid": 32721,
    "index": 62
  },
  {
    "name": "Before Start in node_modules/egg-mongoose/lib/mongoose.js:52:9",
    "start": 1658064090567,
    "end": 1658064091454,
    "duration": 887,
    "pid": 32721,
    "index": 63
  },
  {
    "name": "Load Service",
    "start": 1658064090568,
    "end": 1658064090845,
    "duration": 277,
    "pid": 32721,
    "index": 64
  },
  {
    "name": "Load \"service\" to Context",
    "start": 1658064090568,
    "end": 1658064090845,
    "duration": 277,
    "pid": 32721,
    "index": 65
  },
  {
    "name": "Load Middleware",
    "start": 1658064090846,
    "end": 1658064091423,
    "duration": 577,
    "pid": 32721,
    "index": 66
  },
  {
    "name": "Load \"middlewares\" to Application",
    "start": 1658064090846,
    "end": 1658064091399,
    "duration": 553,
    "pid": 32721,
    "index": 67
  },
  {
    "name": "Load Controller",
    "start": 1658064091423,
    "end": 1658064091425,
    "duration": 2,
    "pid": 32721,
    "index": 68
  },
  {
    "name": "Load \"controller\" to Application",
    "start": 1658064091423,
    "end": 1658064091425,
    "duration": 2,
    "pid": 32721,
    "index": 69
  },
  {
    "name": "Load Router",
    "start": 1658064091425,
    "end": 1658064091428,
    "duration": 3,
    "pid": 32721,
    "index": 70
  },
  {
    "name": "Require(51) app/router.js",
    "start": 1658064091425,
    "end": 1658064091427,
    "duration": 2,
    "pid": 32721,
    "index": 71
  },
  {
    "name": "Before Start in node_modules/egg-core/lib/egg.js:303:10",
    "start": 1658064091427,
    "end": 1658064091454,
    "duration": 27,
    "pid": 32721,
    "index": 72
  },
  {
    "name": "Load \"model\" to Application",
    "start": 1658064091439,
    "end": 1658064091453,
    "duration": 14,
    "pid": 32721,
    "index": 73
  }
]