[
  {
    "name": "Process Start",
    "start": 1658064140971,
    "end": 1658064143119,
    "duration": 2148,
    "pid": 32781,
    "index": 0
  },
  {
    "name": "Application Start",
    "start": 1658064143121,
    "end": 1658064146542,
    "duration": 3421,
    "pid": 32781,
    "index": 1
  },
  {
    "name": "Load Plugin",
    "start": 1658064143129,
    "end": 1658064143243,
    "duration": 114,
    "pid": 32781,
    "index": 2
  },
  {
    "name": "Load Config",
    "start": 1658064143243,
    "end": 1658064143295,
    "duration": 52,
    "pid": 32781,
    "index": 3
  },
  {
    "name": "Require(0) config/config.default.js",
    "start": 1658064143244,
    "end": 1658064143245,
    "duration": 1,
    "pid": 32781,
    "index": 4
  },
  {
    "name": "Require(1) node_modules/egg-session/config/config.default.js",
    "start": 1658064143247,
    "end": 1658064143247,
    "duration": 0,
    "pid": 32781,
    "index": 5
  },
  {
    "name": "Require(2) node_modules/egg-security/config/config.default.js",
    "start": 1658064143247,
    "end": 1658064143248,
    "duration": 1,
    "pid": 32781,
    "index": 6
  },
  {
    "name": "Require(3) node_modules/egg-jsonp/config/config.default.js",
    "start": 1658064143249,
    "end": 1658064143249,
    "duration": 0,
    "pid": 32781,
    "index": 7
  },
  {
    "name": "Require(4) node_modules/egg-onerror/config/config.default.js",
    "start": 1658064143250,
    "end": 1658064143250,
    "duration": 0,
    "pid": 32781,
    "index": 8
  },
  {
    "name": "Require(5) node_modules/egg-i18n/config/config.default.js",
    "start": 1658064143251,
    "end": 1658064143251,
    "duration": 0,
    "pid": 32781,
    "index": 9
  },
  {
    "name": "Require(6) node_modules/egg-watcher/config/config.default.js",
    "start": 1658064143252,
    "end": 1658064143253,
    "duration": 1,
    "pid": 32781,
    "index": 10
  },
  {
    "name": "Require(7) node_modules/egg-schedule/config/config.default.js",
    "start": 1658064143253,
    "end": 1658064143254,
    "duration": 1,
    "pid": 32781,
    "index": 11
  },
  {
    "name": "Require(8) node_modules/egg-multipart/config/config.default.js",
    "start": 1658064143256,
    "end": 1658064143256,
    "duration": 0,
    "pid": 32781,
    "index": 12
  },
  {
    "name": "Require(9) node_modules/egg-development/config/config.default.js",
    "start": 1658064143257,
    "end": 1658064143260,
    "duration": 3,
    "pid": 32781,
    "index": 13
  },
  {
    "name": "Require(10) node_modules/egg-logrotator/config/config.default.js",
    "start": 1658064143261,
    "end": 1658064143262,
    "duration": 1,
    "pid": 32781,
    "index": 14
  },
  {
    "name": "Require(11) node_modules/egg-static/config/config.default.js",
    "start": 1658064143262,
    "end": 1658064143262,
    "duration": 0,
    "pid": 32781,
    "index": 15
  },
  {
    "name": "Require(12) node_modules/egg-view/config/config.default.js",
    "start": 1658064143263,
    "end": 1658064143263,
    "duration": 0,
    "pid": 32781,
    "index": 16
  },
  {
    "name": "Require(13) node_modules/egg-mongoose/config/config.default.js",
    "start": 1658064143265,
    "end": 1658064143277,
    "duration": 12,
    "pid": 32781,
    "index": 17
  },
  {
    "name": "Require(14) node_modules/egg-validate/config/config.default.js",
    "start": 1658064143277,
    "end": 1658064143279,
    "duration": 2,
    "pid": 32781,
    "index": 18
  },
  {
    "name": "Require(15) node_modules/egg/config/config.default.js",
    "start": 1658064143280,
    "end": 1658064143280,
    "duration": 0,
    "pid": 32781,
    "index": 19
  },
  {
    "name": "Require(16) config/config.default.js",
    "start": 1658064143284,
    "end": 1658064143284,
    "duration": 0,
    "pid": 32781,
    "index": 20
  },
  {
    "name": "Require(17) node_modules/egg-security/config/config.local.js",
    "start": 1658064143284,
    "end": 1658064143284,
    "duration": 0,
    "pid": 32781,
    "index": 21
  },
  {
    "name": "Require(18) node_modules/egg-watcher/config/config.local.js",
    "start": 1658064143293,
    "end": 1658064143293,
    "duration": 0,
    "pid": 32781,
    "index": 22
  },
  {
    "name": "Require(19) node_modules/egg-view/config/config.local.js",
    "start": 1658064143294,
    "end": 1658064143294,
    "duration": 0,
    "pid": 32781,
    "index": 23
  },
  {
    "name": "Require(20) node_modules/egg/config/config.local.js",
    "start": 1658064143295,
    "end": 1658064143295,
    "duration": 0,
    "pid": 32781,
    "index": 24
  },
  {
    "name": "Load extend/application.js",
    "start": 1658064143296,
    "end": 1658064143317,
    "duration": 21,
    "pid": 32781,
    "index": 25
  },
  {
    "name": "Require(21) node_modules/egg-session/app/extend/application.js",
    "start": 1658064143297,
    "end": 1658064143298,
    "duration": 1,
    "pid": 32781,
    "index": 26
  },
  {
    "name": "Require(22) node_modules/egg-security/app/extend/application.js",
    "start": 1658064143298,
    "end": 1658064143299,
    "duration": 1,
    "pid": 32781,
    "index": 27
  },
  {
    "name": "Require(23) node_modules/egg-jsonp/app/extend/application.js",
    "start": 1658064143300,
    "end": 1658064143308,
    "duration": 8,
    "pid": 32781,
    "index": 28
  },
  {
    "name": "Require(24) node_modules/egg-logrotator/app/extend/application.js",
    "start": 1658064143311,
    "end": 1658064143313,
    "duration": 2,
    "pid": 32781,
    "index": 29
  },
  {
    "name": "Require(25) node_modules/egg-view/app/extend/application.js",
    "start": 1658064143313,
    "end": 1658064143316,
    "duration": 3,
    "pid": 32781,
    "index": 30
  },
  {
    "name": "Load extend/request.js",
    "start": 1658064143317,
    "end": 1658064143327,
    "duration": 10,
    "pid": 32781,
    "index": 31
  },
  {
    "name": "Require(26) node_modules/egg/app/extend/request.js",
    "start": 1658064143321,
    "end": 1658064143325,
    "duration": 4,
    "pid": 32781,
    "index": 32
  },
  {
    "name": "Load extend/response.js",
    "start": 1658064143327,
    "end": 1658064143333,
    "duration": 6,
    "pid": 32781,
    "index": 33
  },
  {
    "name": "Require(27) node_modules/egg/app/extend/response.js",
    "start": 1658064143329,
    "end": 1658064143331,
    "duration": 2,
    "pid": 32781,
    "index": 34
  },
  {
    "name": "Load extend/context.js",
    "start": 1658064143333,
    "end": 1658064143525,
    "duration": 192,
    "pid": 32781,
    "index": 35
  },
  {
    "name": "Require(28) node_modules/egg-security/app/extend/context.js",
    "start": 1658064143334,
    "end": 1658064143340,
    "duration": 6,
    "pid": 32781,
    "index": 36
  },
  {
    "name": "Require(29) node_modules/egg-jsonp/app/extend/context.js",
    "start": 1658064143342,
    "end": 1658064143343,
    "duration": 1,
    "pid": 32781,
    "index": 37
  },
  {
    "name": "Require(30) node_modules/egg-i18n/app/extend/context.js",
    "start": 1658064143343,
    "end": 1658064143343,
    "duration": 0,
    "pid": 32781,
    "index": 38
  },
  {
    "name": "Require(31) node_modules/egg-multipart/app/extend/context.js",
    "start": 1658064143345,
    "end": 1658064143518,
    "duration": 173,
    "pid": 32781,
    "index": 39
  },
  {
    "name": "Require(32) node_modules/egg-view/app/extend/context.js",
    "start": 1658064143518,
    "end": 1658064143518,
    "duration": 0,
    "pid": 32781,
    "index": 40
  },
  {
    "name": "Require(33) node_modules/egg-mongoose/app/extend/context.js",
    "start": 1658064143519,
    "end": 1658064143519,
    "duration": 0,
    "pid": 32781,
    "index": 41
  },
  {
    "name": "Require(34) node_modules/egg-validate/app/extend/context.js",
    "start": 1658064143520,
    "end": 1658064143520,
    "duration": 0,
    "pid": 32781,
    "index": 42
  },
  {
    "name": "Require(35) node_modules/egg/app/extend/context.js",
    "start": 1658064143520,
    "end": 1658064143522,
    "duration": 2,
    "pid": 32781,
    "index": 43
  },
  {
    "name": "Load extend/helper.js",
    "start": 1658064143525,
    "end": 1658064143543,
    "duration": 18,
    "pid": 32781,
    "index": 44
  },
  {
    "name": "Require(36) node_modules/egg-security/app/extend/helper.js",
    "start": 1658064143525,
    "end": 1658064143536,
    "duration": 11,
    "pid": 32781,
    "index": 45
  },
  {
    "name": "Require(37) node_modules/egg/app/extend/helper.js",
    "start": 1658064143539,
    "end": 1658064143540,
    "duration": 1,
    "pid": 32781,
    "index": 46
  },
  {
    "name": "Require(38) app/extend/helper.js",
    "start": 1658064143540,
    "end": 1658064143540,
    "duration": 0,
    "pid": 32781,
    "index": 47
  },
  {
    "name": "Load app.js",
    "start": 1658064143544,
    "end": 1658064143578,
    "duration": 34,
    "pid": 32781,
    "index": 48
  },
  {
    "name": "Require(39) node_modules/egg-session/app.js",
    "start": 1658064143544,
    "end": 1658064143545,
    "duration": 1,
    "pid": 32781,
    "index": 49
  },
  {
    "name": "Require(40) node_modules/egg-security/app.js",
    "start": 1658064143545,
    "end": 1658064143546,
    "duration": 1,
    "pid": 32781,
    "index": 50
  },
  {
    "name": "Require(41) node_modules/egg-onerror/app.js",
    "start": 1658064143546,
    "end": 1658064143557,
    "duration": 11,
    "pid": 32781,
    "index": 51
  },
  {
    "name": "Require(42) node_modules/egg-i18n/app.js",
    "start": 1658064143557,
    "end": 1658064143566,
    "duration": 9,
    "pid": 32781,
    "index": 52
  },
  {
    "name": "Require(43) node_modules/egg-watcher/app.js",
    "start": 1658064143566,
    "end": 1658064143568,
    "duration": 2,
    "pid": 32781,
    "index": 53
  },
  {
    "name": "Require(44) node_modules/egg-schedule/app.js",
    "start": 1658064143568,
    "end": 1658064143570,
    "duration": 2,
    "pid": 32781,
    "index": 54
  },
  {
    "name": "Require(45) node_modules/egg-multipart/app.js",
    "start": 1658064143570,
    "end": 1658064143571,
    "duration": 1,
    "pid": 32781,
    "index": 55
  },
  {
    "name": "Require(46) node_modules/egg-development/app.js",
    "start": 1658064143571,
    "end": 1658064143571,
    "duration": 0,
    "pid": 32781,
    "index": 56
  },
  {
    "name": "Require(47) node_modules/egg-logrotator/app.js",
    "start": 1658064143571,
    "end": 1658064143571,
    "duration": 0,
    "pid": 32781,
    "index": 57
  },
  {
    "name": "Require(48) node_modules/egg-static/app.js",
    "start": 1658064143571,
    "end": 1658064143575,
    "duration": 4,
    "pid": 32781,
    "index": 58
  },
  {
    "name": "Require(49) node_modules/egg-mongoose/app.js",
    "start": 1658064143575,
    "end": 1658064143575,
    "duration": 0,
    "pid": 32781,
    "index": 59
  },
  {
    "name": "Require(50) node_modules/egg-validate/app.js",
    "start": 1658064143576,
    "end": 1658064143578,
    "duration": 2,
    "pid": 32781,
    "index": 60
  },
  {
    "name": "Before Start in node_modules/egg-watcher/lib/init.js:15:14",
    "start": 1658064143604,
    "end": 1658064146518,
    "duration": 2914,
    "pid": 32781,
    "index": 61
  },
  {
    "name": "Before Start in node_modules/egg-mongoose/lib/mongoose.js:104:7",
    "start": 1658064145584,
    "end": 1658064146511,
    "duration": 927,
    "pid": 32781,
    "index": 62
  },
  {
    "name": "Before Start in node_modules/egg-mongoose/lib/mongoose.js:52:9",
    "start": 1658064145584,
    "end": 1658064146420,
    "duration": 836,
    "pid": 32781,
    "index": 63
  },
  {
    "name": "Load Service",
    "start": 1658064145585,
    "end": 1658064145600,
    "duration": 15,
    "pid": 32781,
    "index": 64
  },
  {
    "name": "Load \"service\" to Context",
    "start": 1658064145587,
    "end": 1658064145600,
    "duration": 13,
    "pid": 32781,
    "index": 65
  },
  {
    "name": "Load Middleware",
    "start": 1658064145600,
    "end": 1658064146258,
    "duration": 658,
    "pid": 32781,
    "index": 66
  },
  {
    "name": "Load \"middlewares\" to Application",
    "start": 1658064145600,
    "end": 1658064146177,
    "duration": 577,
    "pid": 32781,
    "index": 67
  },
  {
    "name": "Load Controller",
    "start": 1658064146258,
    "end": 1658064146347,
    "duration": 89,
    "pid": 32781,
    "index": 68
  },
  {
    "name": "Load \"controller\" to Application",
    "start": 1658064146258,
    "end": 1658064146347,
    "duration": 89,
    "pid": 32781,
    "index": 69
  },
  {
    "name": "Load Router",
    "start": 1658064146347,
    "end": 1658064146351,
    "duration": 4,
    "pid": 32781,
    "index": 70
  },
  {
    "name": "Require(51) app/router.js",
    "start": 1658064146347,
    "end": 1658064146348,
    "duration": 1,
    "pid": 32781,
    "index": 71
  },
  {
    "name": "Before Start in node_modules/egg-core/lib/egg.js:303:10",
    "start": 1658064146349,
    "end": 1658064146420,
    "duration": 71,
    "pid": 32781,
    "index": 72
  },
  {
    "name": "Load \"model\" to Application",
    "start": 1658064146401,
    "end": 1658064146420,
    "duration": 19,
    "pid": 32781,
    "index": 73
  }
]