[
  {
    "name": "Process Start",
    "start": 1658063845641,
    "end": 1658063848606,
    "duration": 2965,
    "pid": 32498,
    "index": 0
  },
  {
    "name": "Application Start",
    "start": 1658063848607,
    "end": 1658063852522,
    "duration": 3915,
    "pid": 32498,
    "index": 1
  },
  {
    "name": "Load Plugin",
    "start": 1658063848611,
    "end": 1658063848666,
    "duration": 55,
    "pid": 32498,
    "index": 2
  },
  {
    "name": "Load Config",
    "start": 1658063848667,
    "end": 1658063848704,
    "duration": 37,
    "pid": 32498,
    "index": 3
  },
  {
    "name": "Require(0) config/config.default.js",
    "start": 1658063848667,
    "end": 1658063848669,
    "duration": 2,
    "pid": 32498,
    "index": 4
  },
  {
    "name": "Require(1) node_modules/egg-session/config/config.default.js",
    "start": 1658063848671,
    "end": 1658063848673,
    "duration": 2,
    "pid": 32498,
    "index": 5
  },
  {
    "name": "Require(2) node_modules/egg-security/config/config.default.js",
    "start": 1658063848673,
    "end": 1658063848674,
    "duration": 1,
    "pid": 32498,
    "index": 6
  },
  {
    "name": "Require(3) node_modules/egg-jsonp/config/config.default.js",
    "start": 1658063848674,
    "end": 1658063848675,
    "duration": 1,
    "pid": 32498,
    "index": 7
  },
  {
    "name": "Require(4) node_modules/egg-onerror/config/config.default.js",
    "start": 1658063848675,
    "end": 1658063848676,
    "duration": 1,
    "pid": 32498,
    "index": 8
  },
  {
    "name": "Require(5) node_modules/egg-i18n/config/config.default.js",
    "start": 1658063848677,
    "end": 1658063848678,
    "duration": 1,
    "pid": 32498,
    "index": 9
  },
  {
    "name": "Require(6) node_modules/egg-watcher/config/config.default.js",
    "start": 1658063848678,
    "end": 1658063848684,
    "duration": 6,
    "pid": 32498,
    "index": 10
  },
  {
    "name": "Require(7) node_modules/egg-schedule/config/config.default.js",
    "start": 1658063848685,
    "end": 1658063848686,
    "duration": 1,
    "pid": 32498,
    "index": 11
  },
  {
    "name": "Require(8) node_modules/egg-multipart/config/config.default.js",
    "start": 1658063848687,
    "end": 1658063848688,
    "duration": 1,
    "pid": 32498,
    "index": 12
  },
  {
    "name": "Require(9) node_modules/egg-development/config/config.default.js",
    "start": 1658063848688,
    "end": 1658063848689,
    "duration": 1,
    "pid": 32498,
    "index": 13
  },
  {
    "name": "Require(10) node_modules/egg-logrotator/config/config.default.js",
    "start": 1658063848689,
    "end": 1658063848690,
    "duration": 1,
    "pid": 32498,
    "index": 14
  },
  {
    "name": "Require(11) node_modules/egg-static/config/config.default.js",
    "start": 1658063848690,
    "end": 1658063848690,
    "duration": 0,
    "pid": 32498,
    "index": 15
  },
  {
    "name": "Require(12) node_modules/egg-view/config/config.default.js",
    "start": 1658063848691,
    "end": 1658063848692,
    "duration": 1,
    "pid": 32498,
    "index": 16
  },
  {
    "name": "Require(13) node_modules/egg-mongoose/config/config.default.js",
    "start": 1658063848692,
    "end": 1658063848693,
    "duration": 1,
    "pid": 32498,
    "index": 17
  },
  {
    "name": "Require(14) node_modules/egg-validate/config/config.default.js",
    "start": 1658063848693,
    "end": 1658063848694,
    "duration": 1,
    "pid": 32498,
    "index": 18
  },
  {
    "name": "Require(15) node_modules/egg/config/config.default.js",
    "start": 1658063848695,
    "end": 1658063848697,
    "duration": 2,
    "pid": 32498,
    "index": 19
  },
  {
    "name": "Require(16) config/config.default.js",
    "start": 1658063848699,
    "end": 1658063848699,
    "duration": 0,
    "pid": 32498,
    "index": 20
  },
  {
    "name": "Require(17) node_modules/egg-security/config/config.local.js",
    "start": 1658063848699,
    "end": 1658063848700,
    "duration": 1,
    "pid": 32498,
    "index": 21
  },
  {
    "name": "Require(18) node_modules/egg-watcher/config/config.local.js",
    "start": 1658063848700,
    "end": 1658063848701,
    "duration": 1,
    "pid": 32498,
    "index": 22
  },
  {
    "name": "Require(19) node_modules/egg-view/config/config.local.js",
    "start": 1658063848702,
    "end": 1658063848703,
    "duration": 1,
    "pid": 32498,
    "index": 23
  },
  {
    "name": "Require(20) node_modules/egg/config/config.local.js",
    "start": 1658063848703,
    "end": 1658063848704,
    "duration": 1,
    "pid": 32498,
    "index": 24
  },
  {
    "name": "Load extend/application.js",
    "start": 1658063848705,
    "end": 1658063848722,
    "duration": 17,
    "pid": 32498,
    "index": 25
  },
  {
    "name": "Require(21) node_modules/egg-session/app/extend/application.js",
    "start": 1658063848706,
    "end": 1658063848707,
    "duration": 1,
    "pid": 32498,
    "index": 26
  },
  {
    "name": "Require(22) node_modules/egg-security/app/extend/application.js",
    "start": 1658063848707,
    "end": 1658063848711,
    "duration": 4,
    "pid": 32498,
    "index": 27
  },
  {
    "name": "Require(23) node_modules/egg-jsonp/app/extend/application.js",
    "start": 1658063848711,
    "end": 1658063848713,
    "duration": 2,
    "pid": 32498,
    "index": 28
  },
  {
    "name": "Require(24) node_modules/egg-logrotator/app/extend/application.js",
    "start": 1658063848715,
    "end": 1658063848718,
    "duration": 3,
    "pid": 32498,
    "index": 29
  },
  {
    "name": "Require(25) node_modules/egg-view/app/extend/application.js",
    "start": 1658063848718,
    "end": 1658063848721,
    "duration": 3,
    "pid": 32498,
    "index": 30
  },
  {
    "name": "Load extend/request.js",
    "start": 1658063848722,
    "end": 1658063848937,
    "duration": 215,
    "pid": 32498,
    "index": 31
  },
  {
    "name": "Require(26) node_modules/egg/app/extend/request.js",
    "start": 1658063848922,
    "end": 1658063848929,
    "duration": 7,
    "pid": 32498,
    "index": 32
  },
  {
    "name": "Load extend/response.js",
    "start": 1658063848937,
    "end": 1658063848943,
    "duration": 6,
    "pid": 32498,
    "index": 33
  },
  {
    "name": "Require(27) node_modules/egg/app/extend/response.js",
    "start": 1658063848940,
    "end": 1658063848942,
    "duration": 2,
    "pid": 32498,
    "index": 34
  },
  {
    "name": "Load extend/context.js",
    "start": 1658063848943,
    "end": 1658063849172,
    "duration": 229,
    "pid": 32498,
    "index": 35
  },
  {
    "name": "Require(28) node_modules/egg-security/app/extend/context.js",
    "start": 1658063848944,
    "end": 1658063848957,
    "duration": 13,
    "pid": 32498,
    "index": 36
  },
  {
    "name": "Require(29) node_modules/egg-jsonp/app/extend/context.js",
    "start": 1658063848957,
    "end": 1658063848960,
    "duration": 3,
    "pid": 32498,
    "index": 37
  },
  {
    "name": "Require(30) node_modules/egg-i18n/app/extend/context.js",
    "start": 1658063848960,
    "end": 1658063848961,
    "duration": 1,
    "pid": 32498,
    "index": 38
  },
  {
    "name": "Require(31) node_modules/egg-multipart/app/extend/context.js",
    "start": 1658063848962,
    "end": 1658063849131,
    "duration": 169,
    "pid": 32498,
    "index": 39
  },
  {
    "name": "Require(32) node_modules/egg-view/app/extend/context.js",
    "start": 1658063849132,
    "end": 1658063849145,
    "duration": 13,
    "pid": 32498,
    "index": 40
  },
  {
    "name": "Require(33) node_modules/egg-mongoose/app/extend/context.js",
    "start": 1658063849145,
    "end": 1658063849148,
    "duration": 3,
    "pid": 32498,
    "index": 41
  },
  {
    "name": "Require(34) node_modules/egg-validate/app/extend/context.js",
    "start": 1658063849148,
    "end": 1658063849156,
    "duration": 8,
    "pid": 32498,
    "index": 42
  },
  {
    "name": "Require(35) node_modules/egg/app/extend/context.js",
    "start": 1658063849156,
    "end": 1658063849165,
    "duration": 9,
    "pid": 32498,
    "index": 43
  },
  {
    "name": "Load extend/helper.js",
    "start": 1658063849172,
    "end": 1658063849233,
    "duration": 61,
    "pid": 32498,
    "index": 44
  },
  {
    "name": "Require(36) node_modules/egg-security/app/extend/helper.js",
    "start": 1658063849172,
    "end": 1658063849227,
    "duration": 55,
    "pid": 32498,
    "index": 45
  },
  {
    "name": "Require(37) node_modules/egg/app/extend/helper.js",
    "start": 1658063849230,
    "end": 1658063849230,
    "duration": 0,
    "pid": 32498,
    "index": 46
  },
  {
    "name": "Require(38) app/extend/helper.js",
    "start": 1658063849230,
    "end": 1658063849231,
    "duration": 1,
    "pid": 32498,
    "index": 47
  },
  {
    "name": "Load app.js",
    "start": 1658063849233,
    "end": 1658063849297,
    "duration": 64,
    "pid": 32498,
    "index": 48
  },
  {
    "name": "Require(39) node_modules/egg-session/app.js",
    "start": 1658063849233,
    "end": 1658063849233,
    "duration": 0,
    "pid": 32498,
    "index": 49
  },
  {
    "name": "Require(40) node_modules/egg-security/app.js",
    "start": 1658063849234,
    "end": 1658063849238,
    "duration": 4,
    "pid": 32498,
    "index": 50
  },
  {
    "name": "Require(41) node_modules/egg-onerror/app.js",
    "start": 1658063849242,
    "end": 1658063849260,
    "duration": 18,
    "pid": 32498,
    "index": 51
  },
  {
    "name": "Require(42) node_modules/egg-i18n/app.js",
    "start": 1658063849261,
    "end": 1658063849274,
    "duration": 13,
    "pid": 32498,
    "index": 52
  },
  {
    "name": "Require(43) node_modules/egg-watcher/app.js",
    "start": 1658063849274,
    "end": 1658063849278,
    "duration": 4,
    "pid": 32498,
    "index": 53
  },
  {
    "name": "Require(44) node_modules/egg-schedule/app.js",
    "start": 1658063849279,
    "end": 1658063849284,
    "duration": 5,
    "pid": 32498,
    "index": 54
  },
  {
    "name": "Require(45) node_modules/egg-multipart/app.js",
    "start": 1658063849284,
    "end": 1658063849288,
    "duration": 4,
    "pid": 32498,
    "index": 55
  },
  {
    "name": "Require(46) node_modules/egg-development/app.js",
    "start": 1658063849288,
    "end": 1658063849289,
    "duration": 1,
    "pid": 32498,
    "index": 56
  },
  {
    "name": "Require(47) node_modules/egg-logrotator/app.js",
    "start": 1658063849289,
    "end": 1658063849289,
    "duration": 0,
    "pid": 32498,
    "index": 57
  },
  {
    "name": "Require(48) node_modules/egg-static/app.js",
    "start": 1658063849290,
    "end": 1658063849290,
    "duration": 0,
    "pid": 32498,
    "index": 58
  },
  {
    "name": "Require(49) node_modules/egg-mongoose/app.js",
    "start": 1658063849290,
    "end": 1658063849291,
    "duration": 1,
    "pid": 32498,
    "index": 59
  },
  {
    "name": "Require(50) node_modules/egg-validate/app.js",
    "start": 1658063849291,
    "end": 1658063849296,
    "duration": 5,
    "pid": 32498,
    "index": 60
  },
  {
    "name": "Before Start in node_modules/egg-watcher/lib/init.js:15:14",
    "start": 1658063849312,
    "end": 1658063852472,
    "duration": 3160,
    "pid": 32498,
    "index": 61
  },
  {
    "name": "Before Start in node_modules/egg-mongoose/lib/mongoose.js:104:7",
    "start": 1658063851267,
    "end": 1658063852455,
    "duration": 1188,
    "pid": 32498,
    "index": 62
  },
  {
    "name": "Before Start in node_modules/egg-mongoose/lib/mongoose.js:52:9",
    "start": 1658063851267,
    "end": 1658063852185,
    "duration": 918,
    "pid": 32498,
    "index": 63
  },
  {
    "name": "Load Service",
    "start": 1658063851267,
    "end": 1658063851275,
    "duration": 8,
    "pid": 32498,
    "index": 64
  },
  {
    "name": "Load \"service\" to Context",
    "start": 1658063851267,
    "end": 1658063851275,
    "duration": 8,
    "pid": 32498,
    "index": 65
  },
  {
    "name": "Load Middleware",
    "start": 1658063851276,
    "end": 1658063852124,
    "duration": 848,
    "pid": 32498,
    "index": 66
  },
  {
    "name": "Load \"middlewares\" to Application",
    "start": 1658063851276,
    "end": 1658063852098,
    "duration": 822,
    "pid": 32498,
    "index": 67
  },
  {
    "name": "Load Controller",
    "start": 1658063852125,
    "end": 1658063852136,
    "duration": 11,
    "pid": 32498,
    "index": 68
  },
  {
    "name": "Load \"controller\" to Application",
    "start": 1658063852125,
    "end": 1658063852136,
    "duration": 11,
    "pid": 32498,
    "index": 69
  },
  {
    "name": "Load Router",
    "start": 1658063852136,
    "end": 1658063852162,
    "duration": 26,
    "pid": 32498,
    "index": 70
  },
  {
    "name": "Require(51) app/router.js",
    "start": 1658063852136,
    "end": 1658063852137,
    "duration": 1,
    "pid": 32498,
    "index": 71
  },
  {
    "name": "Before Start in node_modules/egg-core/lib/egg.js:303:10",
    "start": 1658063852137,
    "end": 1658063852185,
    "duration": 48,
    "pid": 32498,
    "index": 72
  },
  {
    "name": "Load \"model\" to Application",
    "start": 1658063852173,
    "end": 1658063852184,
    "duration": 11,
    "pid": 32498,
    "index": 73
  }
]