[
  {
    "name": "Process Start",
    "start": 1658064035490,
    "end": 1658064037933,
    "duration": 2443,
    "pid": 32674,
    "index": 0
  },
  {
    "name": "Application Start",
    "start": 1658064037939,
    "end": 1658064042254,
    "duration": 4315,
    "pid": 32674,
    "index": 1
  },
  {
    "name": "Load Plugin",
    "start": 1658064038035,
    "end": 1658064038058,
    "duration": 23,
    "pid": 32674,
    "index": 2
  },
  {
    "name": "Load Config",
    "start": 1658064038058,
    "end": 1658064038084,
    "duration": 26,
    "pid": 32674,
    "index": 3
  },
  {
    "name": "Require(0) config/config.default.js",
    "start": 1658064038059,
    "end": 1658064038060,
    "duration": 1,
    "pid": 32674,
    "index": 4
  },
  {
    "name": "Require(1) node_modules/egg-session/config/config.default.js",
    "start": 1658064038061,
    "end": 1658064038062,
    "duration": 1,
    "pid": 32674,
    "index": 5
  },
  {
    "name": "Require(2) node_modules/egg-security/config/config.default.js",
    "start": 1658064038062,
    "end": 1658064038063,
    "duration": 1,
    "pid": 32674,
    "index": 6
  },
  {
    "name": "Require(3) node_modules/egg-jsonp/config/config.default.js",
    "start": 1658064038063,
    "end": 1658064038064,
    "duration": 1,
    "pid": 32674,
    "index": 7
  },
  {
    "name": "Require(4) node_modules/egg-onerror/config/config.default.js",
    "start": 1658064038064,
    "end": 1658064038065,
    "duration": 1,
    "pid": 32674,
    "index": 8
  },
  {
    "name": "Require(5) node_modules/egg-i18n/config/config.default.js",
    "start": 1658064038066,
    "end": 1658064038066,
    "duration": 0,
    "pid": 32674,
    "index": 9
  },
  {
    "name": "Require(6) node_modules/egg-watcher/config/config.default.js",
    "start": 1658064038067,
    "end": 1658064038067,
    "duration": 0,
    "pid": 32674,
    "index": 10
  },
  {
    "name": "Require(7) node_modules/egg-schedule/config/config.default.js",
    "start": 1658064038067,
    "end": 1658064038068,
    "duration": 1,
    "pid": 32674,
    "index": 11
  },
  {
    "name": "Require(8) node_modules/egg-multipart/config/config.default.js",
    "start": 1658064038068,
    "end": 1658064038069,
    "duration": 1,
    "pid": 32674,
    "index": 12
  },
  {
    "name": "Require(9) node_modules/egg-development/config/config.default.js",
    "start": 1658064038070,
    "end": 1658064038070,
    "duration": 0,
    "pid": 32674,
    "index": 13
  },
  {
    "name": "Require(10) node_modules/egg-logrotator/config/config.default.js",
    "start": 1658064038070,
    "end": 1658064038071,
    "duration": 1,
    "pid": 32674,
    "index": 14
  },
  {
    "name": "Require(11) node_modules/egg-static/config/config.default.js",
    "start": 1658064038071,
    "end": 1658064038072,
    "duration": 1,
    "pid": 32674,
    "index": 15
  },
  {
    "name": "Require(12) node_modules/egg-view/config/config.default.js",
    "start": 1658064038072,
    "end": 1658064038072,
    "duration": 0,
    "pid": 32674,
    "index": 16
  },
  {
    "name": "Require(13) node_modules/egg-mongoose/config/config.default.js",
    "start": 1658064038073,
    "end": 1658064038074,
    "duration": 1,
    "pid": 32674,
    "index": 17
  },
  {
    "name": "Require(14) node_modules/egg-validate/config/config.default.js",
    "start": 1658064038074,
    "end": 1658064038076,
    "duration": 2,
    "pid": 32674,
    "index": 18
  },
  {
    "name": "Require(15) node_modules/egg/config/config.default.js",
    "start": 1658064038076,
    "end": 1658064038077,
    "duration": 1,
    "pid": 32674,
    "index": 19
  },
  {
    "name": "Require(16) config/config.default.js",
    "start": 1658064038079,
    "end": 1658064038079,
    "duration": 0,
    "pid": 32674,
    "index": 20
  },
  {
    "name": "Require(17) node_modules/egg-security/config/config.local.js",
    "start": 1658064038080,
    "end": 1658064038080,
    "duration": 0,
    "pid": 32674,
    "index": 21
  },
  {
    "name": "Require(18) node_modules/egg-watcher/config/config.local.js",
    "start": 1658064038081,
    "end": 1658064038082,
    "duration": 1,
    "pid": 32674,
    "index": 22
  },
  {
    "name": "Require(19) node_modules/egg-view/config/config.local.js",
    "start": 1658064038082,
    "end": 1658064038083,
    "duration": 1,
    "pid": 32674,
    "index": 23
  },
  {
    "name": "Require(20) node_modules/egg/config/config.local.js",
    "start": 1658064038083,
    "end": 1658064038084,
    "duration": 1,
    "pid": 32674,
    "index": 24
  },
  {
    "name": "Load extend/application.js",
    "start": 1658064038086,
    "end": 1658064038098,
    "duration": 12,
    "pid": 32674,
    "index": 25
  },
  {
    "name": "Require(21) node_modules/egg-session/app/extend/application.js",
    "start": 1658064038086,
    "end": 1658064038087,
    "duration": 1,
    "pid": 32674,
    "index": 26
  },
  {
    "name": "Require(22) node_modules/egg-security/app/extend/application.js",
    "start": 1658064038087,
    "end": 1658064038089,
    "duration": 2,
    "pid": 32674,
    "index": 27
  },
  {
    "name": "Require(23) node_modules/egg-jsonp/app/extend/application.js",
    "start": 1658064038089,
    "end": 1658064038091,
    "duration": 2,
    "pid": 32674,
    "index": 28
  },
  {
    "name": "Require(24) node_modules/egg-logrotator/app/extend/application.js",
    "start": 1658064038091,
    "end": 1658064038094,
    "duration": 3,
    "pid": 32674,
    "index": 29
  },
  {
    "name": "Require(25) node_modules/egg-view/app/extend/application.js",
    "start": 1658064038095,
    "end": 1658064038096,
    "duration": 1,
    "pid": 32674,
    "index": 30
  },
  {
    "name": "Load extend/request.js",
    "start": 1658064038098,
    "end": 1658064038102,
    "duration": 4,
    "pid": 32674,
    "index": 31
  },
  {
    "name": "Require(26) node_modules/egg/app/extend/request.js",
    "start": 1658064038099,
    "end": 1658064038100,
    "duration": 1,
    "pid": 32674,
    "index": 32
  },
  {
    "name": "Load extend/response.js",
    "start": 1658064038102,
    "end": 1658064038106,
    "duration": 4,
    "pid": 32674,
    "index": 33
  },
  {
    "name": "Require(27) node_modules/egg/app/extend/response.js",
    "start": 1658064038103,
    "end": 1658064038105,
    "duration": 2,
    "pid": 32674,
    "index": 34
  },
  {
    "name": "Load extend/context.js",
    "start": 1658064038106,
    "end": 1658064038302,
    "duration": 196,
    "pid": 32674,
    "index": 35
  },
  {
    "name": "Require(28) node_modules/egg-security/app/extend/context.js",
    "start": 1658064038106,
    "end": 1658064038115,
    "duration": 9,
    "pid": 32674,
    "index": 36
  },
  {
    "name": "Require(29) node_modules/egg-jsonp/app/extend/context.js",
    "start": 1658064038115,
    "end": 1658064038116,
    "duration": 1,
    "pid": 32674,
    "index": 37
  },
  {
    "name": "Require(30) node_modules/egg-i18n/app/extend/context.js",
    "start": 1658064038116,
    "end": 1658064038117,
    "duration": 1,
    "pid": 32674,
    "index": 38
  },
  {
    "name": "Require(31) node_modules/egg-multipart/app/extend/context.js",
    "start": 1658064038117,
    "end": 1658064038215,
    "duration": 98,
    "pid": 32674,
    "index": 39
  },
  {
    "name": "Require(32) node_modules/egg-view/app/extend/context.js",
    "start": 1658064038221,
    "end": 1658064038235,
    "duration": 14,
    "pid": 32674,
    "index": 40
  },
  {
    "name": "Require(33) node_modules/egg-mongoose/app/extend/context.js",
    "start": 1658064038235,
    "end": 1658064038250,
    "duration": 15,
    "pid": 32674,
    "index": 41
  },
  {
    "name": "Require(34) node_modules/egg-validate/app/extend/context.js",
    "start": 1658064038258,
    "end": 1658064038293,
    "duration": 35,
    "pid": 32674,
    "index": 42
  },
  {
    "name": "Require(35) node_modules/egg/app/extend/context.js",
    "start": 1658064038295,
    "end": 1658064038301,
    "duration": 6,
    "pid": 32674,
    "index": 43
  },
  {
    "name": "Load extend/helper.js",
    "start": 1658064038303,
    "end": 1658064038406,
    "duration": 103,
    "pid": 32674,
    "index": 44
  },
  {
    "name": "Require(36) node_modules/egg-security/app/extend/helper.js",
    "start": 1658064038304,
    "end": 1658064038387,
    "duration": 83,
    "pid": 32674,
    "index": 45
  },
  {
    "name": "Require(37) node_modules/egg/app/extend/helper.js",
    "start": 1658064038388,
    "end": 1658064038389,
    "duration": 1,
    "pid": 32674,
    "index": 46
  },
  {
    "name": "Require(38) app/extend/helper.js",
    "start": 1658064038389,
    "end": 1658064038390,
    "duration": 1,
    "pid": 32674,
    "index": 47
  },
  {
    "name": "Load app.js",
    "start": 1658064038407,
    "end": 1658064038729,
    "duration": 322,
    "pid": 32674,
    "index": 48
  },
  {
    "name": "Require(39) node_modules/egg-session/app.js",
    "start": 1658064038407,
    "end": 1658064038409,
    "duration": 2,
    "pid": 32674,
    "index": 49
  },
  {
    "name": "Require(40) node_modules/egg-security/app.js",
    "start": 1658064038409,
    "end": 1658064038411,
    "duration": 2,
    "pid": 32674,
    "index": 50
  },
  {
    "name": "Require(41) node_modules/egg-onerror/app.js",
    "start": 1658064038411,
    "end": 1658064038439,
    "duration": 28,
    "pid": 32674,
    "index": 51
  },
  {
    "name": "Require(42) node_modules/egg-i18n/app.js",
    "start": 1658064038439,
    "end": 1658064038596,
    "duration": 157,
    "pid": 32674,
    "index": 52
  },
  {
    "name": "Require(43) node_modules/egg-watcher/app.js",
    "start": 1658064038596,
    "end": 1658064038605,
    "duration": 9,
    "pid": 32674,
    "index": 53
  },
  {
    "name": "Require(44) node_modules/egg-schedule/app.js",
    "start": 1658064038605,
    "end": 1658064038607,
    "duration": 2,
    "pid": 32674,
    "index": 54
  },
  {
    "name": "Require(45) node_modules/egg-multipart/app.js",
    "start": 1658064038607,
    "end": 1658064038608,
    "duration": 1,
    "pid": 32674,
    "index": 55
  },
  {
    "name": "Require(46) node_modules/egg-development/app.js",
    "start": 1658064038608,
    "end": 1658064038720,
    "duration": 112,
    "pid": 32674,
    "index": 56
  },
  {
    "name": "Require(47) node_modules/egg-logrotator/app.js",
    "start": 1658064038720,
    "end": 1658064038722,
    "duration": 2,
    "pid": 32674,
    "index": 57
  },
  {
    "name": "Require(48) node_modules/egg-static/app.js",
    "start": 1658064038722,
    "end": 1658064038724,
    "duration": 2,
    "pid": 32674,
    "index": 58
  },
  {
    "name": "Require(49) node_modules/egg-mongoose/app.js",
    "start": 1658064038724,
    "end": 1658064038725,
    "duration": 1,
    "pid": 32674,
    "index": 59
  },
  {
    "name": "Require(50) node_modules/egg-validate/app.js",
    "start": 1658064038725,
    "end": 1658064038728,
    "duration": 3,
    "pid": 32674,
    "index": 60
  },
  {
    "name": "Before Start in node_modules/egg-watcher/lib/init.js:15:14",
    "start": 1658064038807,
    "end": 1658064042250,
    "duration": 3443,
    "pid": 32674,
    "index": 61
  },
  {
    "name": "Before Start in node_modules/egg-mongoose/lib/mongoose.js:104:7",
    "start": 1658064041262,
    "end": 1658064042243,
    "duration": 981,
    "pid": 32674,
    "index": 62
  },
  {
    "name": "Before Start in node_modules/egg-mongoose/lib/mongoose.js:52:9",
    "start": 1658064041263,
    "end": 1658064041861,
    "duration": 598,
    "pid": 32674,
    "index": 63
  },
  {
    "name": "Load Service",
    "start": 1658064041263,
    "end": 1658064041287,
    "duration": 24,
    "pid": 32674,
    "index": 64
  },
  {
    "name": "Load \"service\" to Context",
    "start": 1658064041263,
    "end": 1658064041287,
    "duration": 24,
    "pid": 32674,
    "index": 65
  },
  {
    "name": "Load Middleware",
    "start": 1658064041287,
    "end": 1658064041636,
    "duration": 349,
    "pid": 32674,
    "index": 66
  },
  {
    "name": "Load \"middlewares\" to Application",
    "start": 1658064041287,
    "end": 1658064041604,
    "duration": 317,
    "pid": 32674,
    "index": 67
  },
  {
    "name": "Load Controller",
    "start": 1658064041636,
    "end": 1658064041765,
    "duration": 129,
    "pid": 32674,
    "index": 68
  },
  {
    "name": "Load \"controller\" to Application",
    "start": 1658064041636,
    "end": 1658064041765,
    "duration": 129,
    "pid": 32674,
    "index": 69
  },
  {
    "name": "Load Router",
    "start": 1658064041766,
    "end": 1658064041788,
    "duration": 22,
    "pid": 32674,
    "index": 70
  },
  {
    "name": "Require(51) app/router.js",
    "start": 1658064041766,
    "end": 1658064041769,
    "duration": 3,
    "pid": 32674,
    "index": 71
  },
  {
    "name": "Before Start in node_modules/egg-core/lib/egg.js:303:10",
    "start": 1658064041770,
    "end": 1658064041861,
    "duration": 91,
    "pid": 32674,
    "index": 72
  },
  {
    "name": "Load \"model\" to Application",
    "start": 1658064041813,
    "end": 1658064041859,
    "duration": 46,
    "pid": 32674,
    "index": 73
  }
]