[
  {
    "name": "Process Start",
    "start": 1658063623159,
    "end": 1658063625042,
    "duration": 1883,
    "pid": 32286,
    "index": 0
  },
  {
    "name": "Application Start",
    "start": 1658063625043,
    "end": 1658063626659,
    "duration": 1616,
    "pid": 32286,
    "index": 1
  },
  {
    "name": "Load Plugin",
    "start": 1658063625047,
    "end": 1658063625059,
    "duration": 12,
    "pid": 32286,
    "index": 2
  },
  {
    "name": "Load Config",
    "start": 1658063625059,
    "end": 1658063625076,
    "duration": 17,
    "pid": 32286,
    "index": 3
  },
  {
    "name": "Require(0) config/config.default.js",
    "start": 1658063625060,
    "end": 1658063625060,
    "duration": 0,
    "pid": 32286,
    "index": 4
  },
  {
    "name": "Require(1) node_modules/egg-session/config/config.default.js",
    "start": 1658063625061,
    "end": 1658063625062,
    "duration": 1,
    "pid": 32286,
    "index": 5
  },
  {
    "name": "Require(2) node_modules/egg-security/config/config.default.js",
    "start": 1658063625062,
    "end": 1658063625062,
    "duration": 0,
    "pid": 32286,
    "index": 6
  },
  {
    "name": "Require(3) node_modules/egg-jsonp/config/config.default.js",
    "start": 1658063625064,
    "end": 1658063625064,
    "duration": 0,
    "pid": 32286,
    "index": 7
  },
  {
    "name": "Require(4) node_modules/egg-onerror/config/config.default.js",
    "start": 1658063625064,
    "end": 1658063625065,
    "duration": 1,
    "pid": 32286,
    "index": 8
  },
  {
    "name": "Require(5) node_modules/egg-i18n/config/config.default.js",
    "start": 1658063625065,
    "end": 1658063625065,
    "duration": 0,
    "pid": 32286,
    "index": 9
  },
  {
    "name": "Require(6) node_modules/egg-watcher/config/config.default.js",
    "start": 1658063625065,
    "end": 1658063625066,
    "duration": 1,
    "pid": 32286,
    "index": 10
  },
  {
    "name": "Require(7) node_modules/egg-schedule/config/config.default.js",
    "start": 1658063625066,
    "end": 1658063625066,
    "duration": 0,
    "pid": 32286,
    "index": 11
  },
  {
    "name": "Require(8) node_modules/egg-multipart/config/config.default.js",
    "start": 1658063625067,
    "end": 1658063625067,
    "duration": 0,
    "pid": 32286,
    "index": 12
  },
  {
    "name": "Require(9) node_modules/egg-development/config/config.default.js",
    "start": 1658063625068,
    "end": 1658063625068,
    "duration": 0,
    "pid": 32286,
    "index": 13
  },
  {
    "name": "Require(10) node_modules/egg-logrotator/config/config.default.js",
    "start": 1658063625068,
    "end": 1658063625068,
    "duration": 0,
    "pid": 32286,
    "index": 14
  },
  {
    "name": "Require(11) node_modules/egg-static/config/config.default.js",
    "start": 1658063625069,
    "end": 1658063625069,
    "duration": 0,
    "pid": 32286,
    "index": 15
  },
  {
    "name": "Require(12) node_modules/egg-view/config/config.default.js",
    "start": 1658063625070,
    "end": 1658063625070,
    "duration": 0,
    "pid": 32286,
    "index": 16
  },
  {
    "name": "Require(13) node_modules/egg-mongoose/config/config.default.js",
    "start": 1658063625070,
    "end": 1658063625071,
    "duration": 1,
    "pid": 32286,
    "index": 17
  },
  {
    "name": "Require(14) node_modules/egg-validate/config/config.default.js",
    "start": 1658063625071,
    "end": 1658063625071,
    "duration": 0,
    "pid": 32286,
    "index": 18
  },
  {
    "name": "Require(15) node_modules/egg/config/config.default.js",
    "start": 1658063625071,
    "end": 1658063625072,
    "duration": 1,
    "pid": 32286,
    "index": 19
  },
  {
    "name": "Require(16) config/config.default.js",
    "start": 1658063625074,
    "end": 1658063625074,
    "duration": 0,
    "pid": 32286,
    "index": 20
  },
  {
    "name": "Require(17) node_modules/egg-security/config/config.local.js",
    "start": 1658063625074,
    "end": 1658063625074,
    "duration": 0,
    "pid": 32286,
    "index": 21
  },
  {
    "name": "Require(18) node_modules/egg-watcher/config/config.local.js",
    "start": 1658063625075,
    "end": 1658063625075,
    "duration": 0,
    "pid": 32286,
    "index": 22
  },
  {
    "name": "Require(19) node_modules/egg-view/config/config.local.js",
    "start": 1658063625075,
    "end": 1658063625076,
    "duration": 1,
    "pid": 32286,
    "index": 23
  },
  {
    "name": "Require(20) node_modules/egg/config/config.local.js",
    "start": 1658063625076,
    "end": 1658063625076,
    "duration": 0,
    "pid": 32286,
    "index": 24
  },
  {
    "name": "Load extend/application.js",
    "start": 1658063625077,
    "end": 1658063625086,
    "duration": 9,
    "pid": 32286,
    "index": 25
  },
  {
    "name": "Require(21) node_modules/egg-session/app/extend/application.js",
    "start": 1658063625078,
    "end": 1658063625078,
    "duration": 0,
    "pid": 32286,
    "index": 26
  },
  {
    "name": "Require(22) node_modules/egg-security/app/extend/application.js",
    "start": 1658063625078,
    "end": 1658063625079,
    "duration": 1,
    "pid": 32286,
    "index": 27
  },
  {
    "name": "Require(23) node_modules/egg-jsonp/app/extend/application.js",
    "start": 1658063625079,
    "end": 1658063625080,
    "duration": 1,
    "pid": 32286,
    "index": 28
  },
  {
    "name": "Require(24) node_modules/egg-logrotator/app/extend/application.js",
    "start": 1658063625080,
    "end": 1658063625082,
    "duration": 2,
    "pid": 32286,
    "index": 29
  },
  {
    "name": "Require(25) node_modules/egg-view/app/extend/application.js",
    "start": 1658063625082,
    "end": 1658063625083,
    "duration": 1,
    "pid": 32286,
    "index": 30
  },
  {
    "name": "Load extend/request.js",
    "start": 1658063625086,
    "end": 1658063625090,
    "duration": 4,
    "pid": 32286,
    "index": 31
  },
  {
    "name": "Require(26) node_modules/egg/app/extend/request.js",
    "start": 1658063625087,
    "end": 1658063625087,
    "duration": 0,
    "pid": 32286,
    "index": 32
  },
  {
    "name": "Load extend/response.js",
    "start": 1658063625090,
    "end": 1658063625094,
    "duration": 4,
    "pid": 32286,
    "index": 33
  },
  {
    "name": "Require(27) node_modules/egg/app/extend/response.js",
    "start": 1658063625091,
    "end": 1658063625092,
    "duration": 1,
    "pid": 32286,
    "index": 34
  },
  {
    "name": "Load extend/context.js",
    "start": 1658063625094,
    "end": 1658063625179,
    "duration": 85,
    "pid": 32286,
    "index": 35
  },
  {
    "name": "Require(28) node_modules/egg-security/app/extend/context.js",
    "start": 1658063625095,
    "end": 1658063625100,
    "duration": 5,
    "pid": 32286,
    "index": 36
  },
  {
    "name": "Require(29) node_modules/egg-jsonp/app/extend/context.js",
    "start": 1658063625100,
    "end": 1658063625101,
    "duration": 1,
    "pid": 32286,
    "index": 37
  },
  {
    "name": "Require(30) node_modules/egg-i18n/app/extend/context.js",
    "start": 1658063625101,
    "end": 1658063625101,
    "duration": 0,
    "pid": 32286,
    "index": 38
  },
  {
    "name": "Require(31) node_modules/egg-multipart/app/extend/context.js",
    "start": 1658063625102,
    "end": 1658063625174,
    "duration": 72,
    "pid": 32286,
    "index": 39
  },
  {
    "name": "Require(32) node_modules/egg-view/app/extend/context.js",
    "start": 1658063625175,
    "end": 1658063625175,
    "duration": 0,
    "pid": 32286,
    "index": 40
  },
  {
    "name": "Require(33) node_modules/egg-mongoose/app/extend/context.js",
    "start": 1658063625175,
    "end": 1658063625176,
    "duration": 1,
    "pid": 32286,
    "index": 41
  },
  {
    "name": "Require(34) node_modules/egg-validate/app/extend/context.js",
    "start": 1658063625176,
    "end": 1658063625176,
    "duration": 0,
    "pid": 32286,
    "index": 42
  },
  {
    "name": "Require(35) node_modules/egg/app/extend/context.js",
    "start": 1658063625177,
    "end": 1658063625177,
    "duration": 0,
    "pid": 32286,
    "index": 43
  },
  {
    "name": "Load extend/helper.js",
    "start": 1658063625180,
    "end": 1658063625192,
    "duration": 12,
    "pid": 32286,
    "index": 44
  },
  {
    "name": "Require(36) node_modules/egg-security/app/extend/helper.js",
    "start": 1658063625180,
    "end": 1658063625188,
    "duration": 8,
    "pid": 32286,
    "index": 45
  },
  {
    "name": "Require(37) node_modules/egg/app/extend/helper.js",
    "start": 1658063625189,
    "end": 1658063625189,
    "duration": 0,
    "pid": 32286,
    "index": 46
  },
  {
    "name": "Require(38) app/extend/helper.js",
    "start": 1658063625189,
    "end": 1658063625190,
    "duration": 1,
    "pid": 32286,
    "index": 47
  },
  {
    "name": "Load app.js",
    "start": 1658063625192,
    "end": 1658063625228,
    "duration": 36,
    "pid": 32286,
    "index": 48
  },
  {
    "name": "Require(39) node_modules/egg-session/app.js",
    "start": 1658063625194,
    "end": 1658063625194,
    "duration": 0,
    "pid": 32286,
    "index": 49
  },
  {
    "name": "Require(40) node_modules/egg-security/app.js",
    "start": 1658063625194,
    "end": 1658063625195,
    "duration": 1,
    "pid": 32286,
    "index": 50
  },
  {
    "name": "Require(41) node_modules/egg-onerror/app.js",
    "start": 1658063625197,
    "end": 1658063625203,
    "duration": 6,
    "pid": 32286,
    "index": 51
  },
  {
    "name": "Require(42) node_modules/egg-i18n/app.js",
    "start": 1658063625203,
    "end": 1658063625212,
    "duration": 9,
    "pid": 32286,
    "index": 52
  },
  {
    "name": "Require(43) node_modules/egg-watcher/app.js",
    "start": 1658063625212,
    "end": 1658063625214,
    "duration": 2,
    "pid": 32286,
    "index": 53
  },
  {
    "name": "Require(44) node_modules/egg-schedule/app.js",
    "start": 1658063625214,
    "end": 1658063625215,
    "duration": 1,
    "pid": 32286,
    "index": 54
  },
  {
    "name": "Require(45) node_modules/egg-multipart/app.js",
    "start": 1658063625216,
    "end": 1658063625218,
    "duration": 2,
    "pid": 32286,
    "index": 55
  },
  {
    "name": "Require(46) node_modules/egg-development/app.js",
    "start": 1658063625218,
    "end": 1658063625223,
    "duration": 5,
    "pid": 32286,
    "index": 56
  },
  {
    "name": "Require(47) node_modules/egg-logrotator/app.js",
    "start": 1658063625224,
    "end": 1658063625224,
    "duration": 0,
    "pid": 32286,
    "index": 57
  },
  {
    "name": "Require(48) node_modules/egg-static/app.js",
    "start": 1658063625224,
    "end": 1658063625224,
    "duration": 0,
    "pid": 32286,
    "index": 58
  },
  {
    "name": "Require(49) node_modules/egg-mongoose/app.js",
    "start": 1658063625224,
    "end": 1658063625225,
    "duration": 1,
    "pid": 32286,
    "index": 59
  },
  {
    "name": "Require(50) node_modules/egg-validate/app.js",
    "start": 1658063625225,
    "end": 1658063625226,
    "duration": 1,
    "pid": 32286,
    "index": 60
  },
  {
    "name": "Before Start in node_modules/egg-watcher/lib/init.js:15:14",
    "start": 1658063625242,
    "end": 1658063626654,
    "duration": 1412,
    "pid": 32286,
    "index": 61
  },
  {
    "name": "Before Start in node_modules/egg-mongoose/lib/mongoose.js:104:7",
    "start": 1658063626041,
    "end": 1658063626651,
    "duration": 610,
    "pid": 32286,
    "index": 62
  },
  {
    "name": "Before Start in node_modules/egg-mongoose/lib/mongoose.js:52:9",
    "start": 1658063626045,
    "end": 1658063626623,
    "duration": 578,
    "pid": 32286,
    "index": 63
  },
  {
    "name": "Load Service",
    "start": 1658063626046,
    "end": 1658063626063,
    "duration": 17,
    "pid": 32286,
    "index": 64
  },
  {
    "name": "Load \"service\" to Context",
    "start": 1658063626047,
    "end": 1658063626063,
    "duration": 16,
    "pid": 32286,
    "index": 65
  },
  {
    "name": "Load Middleware",
    "start": 1658063626063,
    "end": 1658063626572,
    "duration": 509,
    "pid": 32286,
    "index": 66
  },
  {
    "name": "Load \"middlewares\" to Application",
    "start": 1658063626063,
    "end": 1658063626394,
    "duration": 331,
    "pid": 32286,
    "index": 67
  },
  {
    "name": "Load Controller",
    "start": 1658063626572,
    "end": 1658063626573,
    "duration": 1,
    "pid": 32286,
    "index": 68
  },
  {
    "name": "Load \"controller\" to Application",
    "start": 1658063626572,
    "end": 1658063626573,
    "duration": 1,
    "pid": 32286,
    "index": 69
  },
  {
    "name": "Load Router",
    "start": 1658063626573,
    "end": 1658063626575,
    "duration": 2,
    "pid": 32286,
    "index": 70
  },
  {
    "name": "Require(51) app/router.js",
    "start": 1658063626573,
    "end": 1658063626574,
    "duration": 1,
    "pid": 32286,
    "index": 71
  },
  {
    "name": "Before Start in node_modules/egg-core/lib/egg.js:303:10",
    "start": 1658063626574,
    "end": 1658063626623,
    "duration": 49,
    "pid": 32286,
    "index": 72
  },
  {
    "name": "Load \"model\" to Application",
    "start": 1658063626608,
    "end": 1658063626623,
    "duration": 15,
    "pid": 32286,
    "index": 73
  }
]