[
  {
    "name": "Process Start",
    "start": 1648045005843,
    "end": 1648045010804,
    "duration": 4961,
    "pid": 13342,
    "index": 0
  },
  {
    "name": "Application Start",
    "start": 1648045010805,
    "end": 1648045012498,
    "duration": 1693,
    "pid": 13342,
    "index": 1
  },
  {
    "name": "Load Plugin",
    "start": 1648045010811,
    "end": 1648045010937,
    "duration": 126,
    "pid": 13342,
    "index": 2
  },
  {
    "name": "Load Config",
    "start": 1648045010937,
    "end": 1648045011011,
    "duration": 74,
    "pid": 13342,
    "index": 3
  },
  {
    "name": "Require(0) config/config.default.js",
    "start": 1648045010941,
    "end": 1648045010942,
    "duration": 1,
    "pid": 13342,
    "index": 4
  },
  {
    "name": "Require(1) node_modules/egg-session/config/config.default.js",
    "start": 1648045010958,
    "end": 1648045010959,
    "duration": 1,
    "pid": 13342,
    "index": 5
  },
  {
    "name": "Require(2) node_modules/egg-security/config/config.default.js",
    "start": 1648045010960,
    "end": 1648045010961,
    "duration": 1,
    "pid": 13342,
    "index": 6
  },
  {
    "name": "Require(3) node_modules/egg-jsonp/config/config.default.js",
    "start": 1648045010964,
    "end": 1648045010965,
    "duration": 1,
    "pid": 13342,
    "index": 7
  },
  {
    "name": "Require(4) node_modules/egg-onerror/config/config.default.js",
    "start": 1648045010965,
    "end": 1648045010965,
    "duration": 0,
    "pid": 13342,
    "index": 8
  },
  {
    "name": "Require(5) node_modules/egg-i18n/config/config.default.js",
    "start": 1648045010966,
    "end": 1648045010966,
    "duration": 0,
    "pid": 13342,
    "index": 9
  },
  {
    "name": "Require(6) node_modules/egg-watcher/config/config.default.js",
    "start": 1648045010967,
    "end": 1648045010967,
    "duration": 0,
    "pid": 13342,
    "index": 10
  },
  {
    "name": "Require(7) node_modules/egg-schedule/config/config.default.js",
    "start": 1648045010968,
    "end": 1648045010969,
    "duration": 1,
    "pid": 13342,
    "index": 11
  },
  {
    "name": "Require(8) node_modules/egg-multipart/config/config.default.js",
    "start": 1648045010969,
    "end": 1648045010970,
    "duration": 1,
    "pid": 13342,
    "index": 12
  },
  {
    "name": "Require(9) node_modules/egg-development/config/config.default.js",
    "start": 1648045010971,
    "end": 1648045010973,
    "duration": 2,
    "pid": 13342,
    "index": 13
  },
  {
    "name": "Require(10) node_modules/egg-logrotator/config/config.default.js",
    "start": 1648045010973,
    "end": 1648045010973,
    "duration": 0,
    "pid": 13342,
    "index": 14
  },
  {
    "name": "Require(11) node_modules/egg-static/config/config.default.js",
    "start": 1648045010974,
    "end": 1648045010974,
    "duration": 0,
    "pid": 13342,
    "index": 15
  },
  {
    "name": "Require(12) node_modules/egg-view/config/config.default.js",
    "start": 1648045010974,
    "end": 1648045010975,
    "duration": 1,
    "pid": 13342,
    "index": 16
  },
  {
    "name": "Require(13) node_modules/egg-mongoose/config/config.default.js",
    "start": 1648045010976,
    "end": 1648045010976,
    "duration": 0,
    "pid": 13342,
    "index": 17
  },
  {
    "name": "Require(14) node_modules/egg-validate/config/config.default.js",
    "start": 1648045010977,
    "end": 1648045010977,
    "duration": 0,
    "pid": 13342,
    "index": 18
  },
  {
    "name": "Require(15) node_modules/egg/config/config.default.js",
    "start": 1648045010977,
    "end": 1648045010978,
    "duration": 1,
    "pid": 13342,
    "index": 19
  },
  {
    "name": "Require(16) config/config.default.js",
    "start": 1648045010981,
    "end": 1648045010981,
    "duration": 0,
    "pid": 13342,
    "index": 20
  },
  {
    "name": "Require(17) node_modules/egg-security/config/config.local.js",
    "start": 1648045010983,
    "end": 1648045010986,
    "duration": 3,
    "pid": 13342,
    "index": 21
  },
  {
    "name": "Require(18) node_modules/egg-watcher/config/config.local.js",
    "start": 1648045010994,
    "end": 1648045010997,
    "duration": 3,
    "pid": 13342,
    "index": 22
  },
  {
    "name": "Require(19) node_modules/egg-view/config/config.local.js",
    "start": 1648045011009,
    "end": 1648045011010,
    "duration": 1,
    "pid": 13342,
    "index": 23
  },
  {
    "name": "Require(20) node_modules/egg/config/config.local.js",
    "start": 1648045011010,
    "end": 1648045011010,
    "duration": 0,
    "pid": 13342,
    "index": 24
  },
  {
    "name": "Load extend/application.js",
    "start": 1648045011012,
    "end": 1648045011043,
    "duration": 31,
    "pid": 13342,
    "index": 25
  },
  {
    "name": "Require(21) node_modules/egg-session/app/extend/application.js",
    "start": 1648045011013,
    "end": 1648045011014,
    "duration": 1,
    "pid": 13342,
    "index": 26
  },
  {
    "name": "Require(22) node_modules/egg-security/app/extend/application.js",
    "start": 1648045011014,
    "end": 1648045011015,
    "duration": 1,
    "pid": 13342,
    "index": 27
  },
  {
    "name": "Require(23) node_modules/egg-jsonp/app/extend/application.js",
    "start": 1648045011015,
    "end": 1648045011016,
    "duration": 1,
    "pid": 13342,
    "index": 28
  },
  {
    "name": "Require(24) node_modules/egg-logrotator/app/extend/application.js",
    "start": 1648045011017,
    "end": 1648045011039,
    "duration": 22,
    "pid": 13342,
    "index": 29
  },
  {
    "name": "Require(25) node_modules/egg-view/app/extend/application.js",
    "start": 1648045011040,
    "end": 1648045011041,
    "duration": 1,
    "pid": 13342,
    "index": 30
  },
  {
    "name": "Load extend/request.js",
    "start": 1648045011044,
    "end": 1648045011048,
    "duration": 4,
    "pid": 13342,
    "index": 31
  },
  {
    "name": "Require(26) node_modules/egg/app/extend/request.js",
    "start": 1648045011046,
    "end": 1648045011047,
    "duration": 1,
    "pid": 13342,
    "index": 32
  },
  {
    "name": "Load extend/response.js",
    "start": 1648045011048,
    "end": 1648045011052,
    "duration": 4,
    "pid": 13342,
    "index": 33
  },
  {
    "name": "Require(27) node_modules/egg/app/extend/response.js",
    "start": 1648045011050,
    "end": 1648045011051,
    "duration": 1,
    "pid": 13342,
    "index": 34
  },
  {
    "name": "Load extend/context.js",
    "start": 1648045011053,
    "end": 1648045011149,
    "duration": 96,
    "pid": 13342,
    "index": 35
  },
  {
    "name": "Require(28) node_modules/egg-security/app/extend/context.js",
    "start": 1648045011053,
    "end": 1648045011072,
    "duration": 19,
    "pid": 13342,
    "index": 36
  },
  {
    "name": "Require(29) node_modules/egg-jsonp/app/extend/context.js",
    "start": 1648045011072,
    "end": 1648045011074,
    "duration": 2,
    "pid": 13342,
    "index": 37
  },
  {
    "name": "Require(30) node_modules/egg-i18n/app/extend/context.js",
    "start": 1648045011074,
    "end": 1648045011075,
    "duration": 1,
    "pid": 13342,
    "index": 38
  },
  {
    "name": "Require(31) node_modules/egg-multipart/app/extend/context.js",
    "start": 1648045011075,
    "end": 1648045011140,
    "duration": 65,
    "pid": 13342,
    "index": 39
  },
  {
    "name": "Require(32) node_modules/egg-view/app/extend/context.js",
    "start": 1648045011141,
    "end": 1648045011144,
    "duration": 3,
    "pid": 13342,
    "index": 40
  },
  {
    "name": "Require(33) node_modules/egg-mongoose/app/extend/context.js",
    "start": 1648045011144,
    "end": 1648045011145,
    "duration": 1,
    "pid": 13342,
    "index": 41
  },
  {
    "name": "Require(34) node_modules/egg-validate/app/extend/context.js",
    "start": 1648045011145,
    "end": 1648045011145,
    "duration": 0,
    "pid": 13342,
    "index": 42
  },
  {
    "name": "Require(35) node_modules/egg/app/extend/context.js",
    "start": 1648045011146,
    "end": 1648045011147,
    "duration": 1,
    "pid": 13342,
    "index": 43
  },
  {
    "name": "Load extend/helper.js",
    "start": 1648045011149,
    "end": 1648045011167,
    "duration": 18,
    "pid": 13342,
    "index": 44
  },
  {
    "name": "Require(36) node_modules/egg-security/app/extend/helper.js",
    "start": 1648045011149,
    "end": 1648045011164,
    "duration": 15,
    "pid": 13342,
    "index": 45
  },
  {
    "name": "Require(37) node_modules/egg/app/extend/helper.js",
    "start": 1648045011165,
    "end": 1648045011165,
    "duration": 0,
    "pid": 13342,
    "index": 46
  },
  {
    "name": "Require(38) app/extend/helper.js",
    "start": 1648045011166,
    "end": 1648045011166,
    "duration": 0,
    "pid": 13342,
    "index": 47
  },
  {
    "name": "Load app.js",
    "start": 1648045011167,
    "end": 1648045011254,
    "duration": 87,
    "pid": 13342,
    "index": 48
  },
  {
    "name": "Require(39) node_modules/egg-session/app.js",
    "start": 1648045011167,
    "end": 1648045011168,
    "duration": 1,
    "pid": 13342,
    "index": 49
  },
  {
    "name": "Require(40) node_modules/egg-security/app.js",
    "start": 1648045011168,
    "end": 1648045011171,
    "duration": 3,
    "pid": 13342,
    "index": 50
  },
  {
    "name": "Require(41) node_modules/egg-onerror/app.js",
    "start": 1648045011171,
    "end": 1648045011180,
    "duration": 9,
    "pid": 13342,
    "index": 51
  },
  {
    "name": "Require(42) node_modules/egg-i18n/app.js",
    "start": 1648045011180,
    "end": 1648045011231,
    "duration": 51,
    "pid": 13342,
    "index": 52
  },
  {
    "name": "Require(43) node_modules/egg-watcher/app.js",
    "start": 1648045011231,
    "end": 1648045011235,
    "duration": 4,
    "pid": 13342,
    "index": 53
  },
  {
    "name": "Require(44) node_modules/egg-schedule/app.js",
    "start": 1648045011235,
    "end": 1648045011236,
    "duration": 1,
    "pid": 13342,
    "index": 54
  },
  {
    "name": "Require(45) node_modules/egg-multipart/app.js",
    "start": 1648045011236,
    "end": 1648045011237,
    "duration": 1,
    "pid": 13342,
    "index": 55
  },
  {
    "name": "Require(46) node_modules/egg-development/app.js",
    "start": 1648045011237,
    "end": 1648045011243,
    "duration": 6,
    "pid": 13342,
    "index": 56
  },
  {
    "name": "Require(47) node_modules/egg-logrotator/app.js",
    "start": 1648045011243,
    "end": 1648045011244,
    "duration": 1,
    "pid": 13342,
    "index": 57
  },
  {
    "name": "Require(48) node_modules/egg-static/app.js",
    "start": 1648045011244,
    "end": 1648045011245,
    "duration": 1,
    "pid": 13342,
    "index": 58
  },
  {
    "name": "Require(49) node_modules/egg-mongoose/app.js",
    "start": 1648045011245,
    "end": 1648045011245,
    "duration": 0,
    "pid": 13342,
    "index": 59
  },
  {
    "name": "Require(50) node_modules/egg-validate/app.js",
    "start": 1648045011245,
    "end": 1648045011252,
    "duration": 7,
    "pid": 13342,
    "index": 60
  },
  {
    "name": "Before Start in node_modules/egg-watcher/lib/init.js:15:14",
    "start": 1648045011267,
    "end": 1648045012497,
    "duration": 1230,
    "pid": 13342,
    "index": 61
  },
  {
    "name": "Before Start in node_modules/egg-mongoose/lib/mongoose.js:104:7",
    "start": 1648045012221,
    "end": 1648045012495,
    "duration": 274,
    "pid": 13342,
    "index": 62
  },
  {
    "name": "Before Start in node_modules/egg-mongoose/lib/mongoose.js:52:9",
    "start": 1648045012221,
    "end": 1648045012446,
    "duration": 225,
    "pid": 13342,
    "index": 63
  },
  {
    "name": "Load Service",
    "start": 1648045012221,
    "end": 1648045012230,
    "duration": 9,
    "pid": 13342,
    "index": 64
  },
  {
    "name": "Load \"service\" to Context",
    "start": 1648045012221,
    "end": 1648045012230,
    "duration": 9,
    "pid": 13342,
    "index": 65
  },
  {
    "name": "Load Middleware",
    "start": 1648045012230,
    "end": 1648045012419,
    "duration": 189,
    "pid": 13342,
    "index": 66
  },
  {
    "name": "Load \"middlewares\" to Application",
    "start": 1648045012237,
    "end": 1648045012405,
    "duration": 168,
    "pid": 13342,
    "index": 67
  },
  {
    "name": "Load Controller",
    "start": 1648045012419,
    "end": 1648045012422,
    "duration": 3,
    "pid": 13342,
    "index": 68
  },
  {
    "name": "Load \"controller\" to Application",
    "start": 1648045012419,
    "end": 1648045012421,
    "duration": 2,
    "pid": 13342,
    "index": 69
  },
  {
    "name": "Load Router",
    "start": 1648045012422,
    "end": 1648045012428,
    "duration": 6,
    "pid": 13342,
    "index": 70
  },
  {
    "name": "Require(51) app/router.js",
    "start": 1648045012422,
    "end": 1648045012423,
    "duration": 1,
    "pid": 13342,
    "index": 71
  },
  {
    "name": "Before Start in node_modules/egg-core/lib/egg.js:303:10",
    "start": 1648045012425,
    "end": 1648045012446,
    "duration": 21,
    "pid": 13342,
    "index": 72
  },
  {
    "name": "Load \"model\" to Application",
    "start": 1648045012436,
    "end": 1648045012446,
    "duration": 10,
    "pid": 13342,
    "index": 73
  }
]