[
  {
    "name": "Process Start",
    "start": 1648044960385,
    "end": 1648044961544,
    "duration": 1159,
    "pid": 13291,
    "index": 0
  },
  {
    "name": "Application Start",
    "start": 1648044961545,
    "end": 1648044963021,
    "duration": 1476,
    "pid": 13291,
    "index": 1
  },
  {
    "name": "Load Plugin",
    "start": 1648044961549,
    "end": 1648044961561,
    "duration": 12,
    "pid": 13291,
    "index": 2
  },
  {
    "name": "Load Config",
    "start": 1648044961561,
    "end": 1648044961582,
    "duration": 21,
    "pid": 13291,
    "index": 3
  },
  {
    "name": "Require(0) config/config.default.js",
    "start": 1648044961562,
    "end": 1648044961562,
    "duration": 0,
    "pid": 13291,
    "index": 4
  },
  {
    "name": "Require(1) node_modules/egg-session/config/config.default.js",
    "start": 1648044961563,
    "end": 1648044961564,
    "duration": 1,
    "pid": 13291,
    "index": 5
  },
  {
    "name": "Require(2) node_modules/egg-security/config/config.default.js",
    "start": 1648044961564,
    "end": 1648044961564,
    "duration": 0,
    "pid": 13291,
    "index": 6
  },
  {
    "name": "Require(3) node_modules/egg-jsonp/config/config.default.js",
    "start": 1648044961566,
    "end": 1648044961567,
    "duration": 1,
    "pid": 13291,
    "index": 7
  },
  {
    "name": "Require(4) node_modules/egg-onerror/config/config.default.js",
    "start": 1648044961567,
    "end": 1648044961568,
    "duration": 1,
    "pid": 13291,
    "index": 8
  },
  {
    "name": "Require(5) node_modules/egg-i18n/config/config.default.js",
    "start": 1648044961568,
    "end": 1648044961568,
    "duration": 0,
    "pid": 13291,
    "index": 9
  },
  {
    "name": "Require(6) node_modules/egg-watcher/config/config.default.js",
    "start": 1648044961568,
    "end": 1648044961569,
    "duration": 1,
    "pid": 13291,
    "index": 10
  },
  {
    "name": "Require(7) node_modules/egg-schedule/config/config.default.js",
    "start": 1648044961570,
    "end": 1648044961571,
    "duration": 1,
    "pid": 13291,
    "index": 11
  },
  {
    "name": "Require(8) node_modules/egg-multipart/config/config.default.js",
    "start": 1648044961572,
    "end": 1648044961572,
    "duration": 0,
    "pid": 13291,
    "index": 12
  },
  {
    "name": "Require(9) node_modules/egg-development/config/config.default.js",
    "start": 1648044961573,
    "end": 1648044961573,
    "duration": 0,
    "pid": 13291,
    "index": 13
  },
  {
    "name": "Require(10) node_modules/egg-logrotator/config/config.default.js",
    "start": 1648044961575,
    "end": 1648044961575,
    "duration": 0,
    "pid": 13291,
    "index": 14
  },
  {
    "name": "Require(11) node_modules/egg-static/config/config.default.js",
    "start": 1648044961575,
    "end": 1648044961575,
    "duration": 0,
    "pid": 13291,
    "index": 15
  },
  {
    "name": "Require(12) node_modules/egg-view/config/config.default.js",
    "start": 1648044961576,
    "end": 1648044961576,
    "duration": 0,
    "pid": 13291,
    "index": 16
  },
  {
    "name": "Require(13) node_modules/egg-mongoose/config/config.default.js",
    "start": 1648044961576,
    "end": 1648044961576,
    "duration": 0,
    "pid": 13291,
    "index": 17
  },
  {
    "name": "Require(14) node_modules/egg-validate/config/config.default.js",
    "start": 1648044961577,
    "end": 1648044961577,
    "duration": 0,
    "pid": 13291,
    "index": 18
  },
  {
    "name": "Require(15) node_modules/egg/config/config.default.js",
    "start": 1648044961577,
    "end": 1648044961578,
    "duration": 1,
    "pid": 13291,
    "index": 19
  },
  {
    "name": "Require(16) config/config.default.js",
    "start": 1648044961579,
    "end": 1648044961579,
    "duration": 0,
    "pid": 13291,
    "index": 20
  },
  {
    "name": "Require(17) node_modules/egg-security/config/config.local.js",
    "start": 1648044961579,
    "end": 1648044961579,
    "duration": 0,
    "pid": 13291,
    "index": 21
  },
  {
    "name": "Require(18) node_modules/egg-watcher/config/config.local.js",
    "start": 1648044961580,
    "end": 1648044961580,
    "duration": 0,
    "pid": 13291,
    "index": 22
  },
  {
    "name": "Require(19) node_modules/egg-view/config/config.local.js",
    "start": 1648044961581,
    "end": 1648044961581,
    "duration": 0,
    "pid": 13291,
    "index": 23
  },
  {
    "name": "Require(20) node_modules/egg/config/config.local.js",
    "start": 1648044961581,
    "end": 1648044961582,
    "duration": 1,
    "pid": 13291,
    "index": 24
  },
  {
    "name": "Load extend/application.js",
    "start": 1648044961583,
    "end": 1648044961607,
    "duration": 24,
    "pid": 13291,
    "index": 25
  },
  {
    "name": "Require(21) node_modules/egg-session/app/extend/application.js",
    "start": 1648044961583,
    "end": 1648044961584,
    "duration": 1,
    "pid": 13291,
    "index": 26
  },
  {
    "name": "Require(22) node_modules/egg-security/app/extend/application.js",
    "start": 1648044961584,
    "end": 1648044961585,
    "duration": 1,
    "pid": 13291,
    "index": 27
  },
  {
    "name": "Require(23) node_modules/egg-jsonp/app/extend/application.js",
    "start": 1648044961585,
    "end": 1648044961595,
    "duration": 10,
    "pid": 13291,
    "index": 28
  },
  {
    "name": "Require(24) node_modules/egg-logrotator/app/extend/application.js",
    "start": 1648044961595,
    "end": 1648044961599,
    "duration": 4,
    "pid": 13291,
    "index": 29
  },
  {
    "name": "Require(25) node_modules/egg-view/app/extend/application.js",
    "start": 1648044961603,
    "end": 1648044961606,
    "duration": 3,
    "pid": 13291,
    "index": 30
  },
  {
    "name": "Load extend/request.js",
    "start": 1648044961607,
    "end": 1648044961611,
    "duration": 4,
    "pid": 13291,
    "index": 31
  },
  {
    "name": "Require(26) node_modules/egg/app/extend/request.js",
    "start": 1648044961609,
    "end": 1648044961610,
    "duration": 1,
    "pid": 13291,
    "index": 32
  },
  {
    "name": "Load extend/response.js",
    "start": 1648044961611,
    "end": 1648044961614,
    "duration": 3,
    "pid": 13291,
    "index": 33
  },
  {
    "name": "Require(27) node_modules/egg/app/extend/response.js",
    "start": 1648044961611,
    "end": 1648044961613,
    "duration": 2,
    "pid": 13291,
    "index": 34
  },
  {
    "name": "Load extend/context.js",
    "start": 1648044961614,
    "end": 1648044961737,
    "duration": 123,
    "pid": 13291,
    "index": 35
  },
  {
    "name": "Require(28) node_modules/egg-security/app/extend/context.js",
    "start": 1648044961614,
    "end": 1648044961622,
    "duration": 8,
    "pid": 13291,
    "index": 36
  },
  {
    "name": "Require(29) node_modules/egg-jsonp/app/extend/context.js",
    "start": 1648044961622,
    "end": 1648044961623,
    "duration": 1,
    "pid": 13291,
    "index": 37
  },
  {
    "name": "Require(30) node_modules/egg-i18n/app/extend/context.js",
    "start": 1648044961623,
    "end": 1648044961624,
    "duration": 1,
    "pid": 13291,
    "index": 38
  },
  {
    "name": "Require(31) node_modules/egg-multipart/app/extend/context.js",
    "start": 1648044961624,
    "end": 1648044961734,
    "duration": 110,
    "pid": 13291,
    "index": 39
  },
  {
    "name": "Require(32) node_modules/egg-view/app/extend/context.js",
    "start": 1648044961735,
    "end": 1648044961735,
    "duration": 0,
    "pid": 13291,
    "index": 40
  },
  {
    "name": "Require(33) node_modules/egg-mongoose/app/extend/context.js",
    "start": 1648044961735,
    "end": 1648044961735,
    "duration": 0,
    "pid": 13291,
    "index": 41
  },
  {
    "name": "Require(34) node_modules/egg-validate/app/extend/context.js",
    "start": 1648044961736,
    "end": 1648044961736,
    "duration": 0,
    "pid": 13291,
    "index": 42
  },
  {
    "name": "Require(35) node_modules/egg/app/extend/context.js",
    "start": 1648044961736,
    "end": 1648044961737,
    "duration": 1,
    "pid": 13291,
    "index": 43
  },
  {
    "name": "Load extend/helper.js",
    "start": 1648044961738,
    "end": 1648044961782,
    "duration": 44,
    "pid": 13291,
    "index": 44
  },
  {
    "name": "Require(36) node_modules/egg-security/app/extend/helper.js",
    "start": 1648044961738,
    "end": 1648044961779,
    "duration": 41,
    "pid": 13291,
    "index": 45
  },
  {
    "name": "Require(37) node_modules/egg/app/extend/helper.js",
    "start": 1648044961779,
    "end": 1648044961780,
    "duration": 1,
    "pid": 13291,
    "index": 46
  },
  {
    "name": "Require(38) app/extend/helper.js",
    "start": 1648044961780,
    "end": 1648044961781,
    "duration": 1,
    "pid": 13291,
    "index": 47
  },
  {
    "name": "Load app.js",
    "start": 1648044961782,
    "end": 1648044961818,
    "duration": 36,
    "pid": 13291,
    "index": 48
  },
  {
    "name": "Require(39) node_modules/egg-session/app.js",
    "start": 1648044961782,
    "end": 1648044961783,
    "duration": 1,
    "pid": 13291,
    "index": 49
  },
  {
    "name": "Require(40) node_modules/egg-security/app.js",
    "start": 1648044961783,
    "end": 1648044961784,
    "duration": 1,
    "pid": 13291,
    "index": 50
  },
  {
    "name": "Require(41) node_modules/egg-onerror/app.js",
    "start": 1648044961784,
    "end": 1648044961792,
    "duration": 8,
    "pid": 13291,
    "index": 51
  },
  {
    "name": "Require(42) node_modules/egg-i18n/app.js",
    "start": 1648044961792,
    "end": 1648044961810,
    "duration": 18,
    "pid": 13291,
    "index": 52
  },
  {
    "name": "Require(43) node_modules/egg-watcher/app.js",
    "start": 1648044961810,
    "end": 1648044961812,
    "duration": 2,
    "pid": 13291,
    "index": 53
  },
  {
    "name": "Require(44) node_modules/egg-schedule/app.js",
    "start": 1648044961812,
    "end": 1648044961813,
    "duration": 1,
    "pid": 13291,
    "index": 54
  },
  {
    "name": "Require(45) node_modules/egg-multipart/app.js",
    "start": 1648044961813,
    "end": 1648044961814,
    "duration": 1,
    "pid": 13291,
    "index": 55
  },
  {
    "name": "Require(46) node_modules/egg-development/app.js",
    "start": 1648044961814,
    "end": 1648044961814,
    "duration": 0,
    "pid": 13291,
    "index": 56
  },
  {
    "name": "Require(47) node_modules/egg-logrotator/app.js",
    "start": 1648044961814,
    "end": 1648044961815,
    "duration": 1,
    "pid": 13291,
    "index": 57
  },
  {
    "name": "Require(48) node_modules/egg-static/app.js",
    "start": 1648044961815,
    "end": 1648044961815,
    "duration": 0,
    "pid": 13291,
    "index": 58
  },
  {
    "name": "Require(49) node_modules/egg-mongoose/app.js",
    "start": 1648044961815,
    "end": 1648044961816,
    "duration": 1,
    "pid": 13291,
    "index": 59
  },
  {
    "name": "Require(50) node_modules/egg-validate/app.js",
    "start": 1648044961816,
    "end": 1648044961817,
    "duration": 1,
    "pid": 13291,
    "index": 60
  },
  {
    "name": "Before Start in node_modules/egg-watcher/lib/init.js:15:14",
    "start": 1648044961825,
    "end": 1648044963021,
    "duration": 1196,
    "pid": 13291,
    "index": 61
  },
  {
    "name": "Before Start in node_modules/egg-mongoose/lib/mongoose.js:104:7",
    "start": 1648044962786,
    "end": 1648044963019,
    "duration": 233,
    "pid": 13291,
    "index": 62
  },
  {
    "name": "Before Start in node_modules/egg-mongoose/lib/mongoose.js:52:9",
    "start": 1648044962786,
    "end": 1648044962996,
    "duration": 210,
    "pid": 13291,
    "index": 63
  },
  {
    "name": "Load Service",
    "start": 1648044962786,
    "end": 1648044962791,
    "duration": 5,
    "pid": 13291,
    "index": 64
  },
  {
    "name": "Load \"service\" to Context",
    "start": 1648044962786,
    "end": 1648044962791,
    "duration": 5,
    "pid": 13291,
    "index": 65
  },
  {
    "name": "Load Middleware",
    "start": 1648044962792,
    "end": 1648044962976,
    "duration": 184,
    "pid": 13291,
    "index": 66
  },
  {
    "name": "Load \"middlewares\" to Application",
    "start": 1648044962792,
    "end": 1648044962961,
    "duration": 169,
    "pid": 13291,
    "index": 67
  },
  {
    "name": "Load Controller",
    "start": 1648044962976,
    "end": 1648044962979,
    "duration": 3,
    "pid": 13291,
    "index": 68
  },
  {
    "name": "Load \"controller\" to Application",
    "start": 1648044962976,
    "end": 1648044962979,
    "duration": 3,
    "pid": 13291,
    "index": 69
  },
  {
    "name": "Load Router",
    "start": 1648044962979,
    "end": 1648044962981,
    "duration": 2,
    "pid": 13291,
    "index": 70
  },
  {
    "name": "Require(51) app/router.js",
    "start": 1648044962979,
    "end": 1648044962979,
    "duration": 0,
    "pid": 13291,
    "index": 71
  },
  {
    "name": "Before Start in node_modules/egg-core/lib/egg.js:303:10",
    "start": 1648044962979,
    "end": 1648044962996,
    "duration": 17,
    "pid": 13291,
    "index": 72
  },
  {
    "name": "Load \"model\" to Application",
    "start": 1648044962987,
    "end": 1648044962995,
    "duration": 8,
    "pid": 13291,
    "index": 73
  }
]